-- MySQL dump 10.13  Distrib 5.7.17, for macos10.12 (x86_64)
--
-- Host: 127.0.0.1    Database: orbe
-- ------------------------------------------------------
-- Server version	5.7.19

/*!40101 SET @OLD_CHARACTER_SET_CLIENT=@@CHARACTER_SET_CLIENT */;
/*!40101 SET @OLD_CHARACTER_SET_RESULTS=@@CHARACTER_SET_RESULTS */;
/*!40101 SET @OLD_COLLATION_CONNECTION=@@COLLATION_CONNECTION */;
/*!40101 SET NAMES utf8 */;
/*!40103 SET @OLD_TIME_ZONE=@@TIME_ZONE */;
/*!40103 SET TIME_ZONE='+00:00' */;
/*!40014 SET @OLD_UNIQUE_CHECKS=@@UNIQUE_CHECKS, UNIQUE_CHECKS=0 */;
/*!40014 SET @OLD_FOREIGN_KEY_CHECKS=@@FOREIGN_KEY_CHECKS, FOREIGN_KEY_CHECKS=0 */;
/*!40101 SET @OLD_SQL_MODE=@@SQL_MODE, SQL_MODE='NO_AUTO_VALUE_ON_ZERO' */;
/*!40111 SET @OLD_SQL_NOTES=@@SQL_NOTES, SQL_NOTES=0 */;

--
-- Table structure for table `Bancos`
--

DROP TABLE IF EXISTS `Bancos`;
/*!40101 SET @saved_cs_client     = @@character_set_client */;
/*!40101 SET character_set_client = utf8 */;
CREATE TABLE `Bancos` (
  `idBanco` int(11) NOT NULL AUTO_INCREMENT,
  `nombre` varchar(255) NOT NULL,
  `estatus` int(11) NOT NULL,
  PRIMARY KEY (`idBanco`)
) ENGINE=InnoDB AUTO_INCREMENT=8 DEFAULT CHARSET=utf8;
/*!40101 SET character_set_client = @saved_cs_client */;

--
-- Dumping data for table `Bancos`
--

LOCK TABLES `Bancos` WRITE;
/*!40000 ALTER TABLE `Bancos` DISABLE KEYS */;
INSERT INTO `Bancos` VALUES (3,'BANCOMER',1),(4,'BANORTE',1),(5,'AFIRME',1),(6,'SANTANDER',1),(7,'BANAMEX',1);
/*!40000 ALTER TABLE `Bancos` ENABLE KEYS */;
UNLOCK TABLES;

--
-- Table structure for table `Bitacora`
--

DROP TABLE IF EXISTS `Bitacora`;
/*!40101 SET @saved_cs_client     = @@character_set_client */;
/*!40101 SET character_set_client = utf8 */;
CREATE TABLE `Bitacora` (
  `idBitacora` int(11) NOT NULL AUTO_INCREMENT,
  `idAccion` int(11) NOT NULL,
  `idUsuario` int(11) NOT NULL,
  `textoAccion` varchar(250) CHARACTER SET utf8mb4 COLLATE utf8mb4_spanish2_ci NOT NULL,
  `datosAccion` text CHARACTER SET utf8mb4 COLLATE utf8mb4_spanish2_ci NOT NULL,
  `fecha` date NOT NULL,
  `hora` time NOT NULL,
  `ip` varchar(15) CHARACTER SET utf8mb4 COLLATE utf8mb4_spanish2_ci NOT NULL,
  `estatus` int(11) NOT NULL,
  PRIMARY KEY (`idBitacora`)
) ENGINE=InnoDB AUTO_INCREMENT=865 DEFAULT CHARSET=latin1;
/*!40101 SET character_set_client = @saved_cs_client */;

--
-- Dumping data for table `Bitacora`
--

LOCK TABLES `Bitacora` WRITE;
/*!40000 ALTER TABLE `Bitacora` DISABLE KEYS */;
INSERT INTO `Bitacora` VALUES (65,1,6,'El usuario inició sesión. Nombre de usuario: ralpuchev','','2017-09-01','08:58:43','',1),(66,6,6,'Usuario actualizado: Noé Zarazaua por: Rafa Alpuche','8|Noé Zarazaua|1|noe|12345678||1','2017-09-01','09:01:00','',1),(67,6,6,'Usuario actualizado: Noé Zarazaua por: Rafa Alpuche','8|Noé Zarazaua|1|noe|12345678|noe@dominio.com|1','2017-09-01','09:01:09','',1),(68,1,7,'El usuario inició sesión. Nombre de usuario: carlos','','2017-09-01','09:09:49','',1),(69,3,0,'Datos de acceso incorrectos. Usuario: Noe y password: 12345678','','2017-09-01','09:37:15','',1),(70,3,0,'Datos de acceso incorrectos. Usuario: Noe y password: 12345678','','2017-09-01','09:37:34','',1),(71,1,8,'El usuario inició sesión. Nombre de usuario: noe','','2017-09-01','09:38:02','',1),(72,1,8,'El usuario inició sesión. Nombre de usuario: noe','','2017-09-01','09:40:01','',1),(73,8,8,'Banco agregado al sistema: BANCOMER agregado por: Noé Zarazaua','','2017-09-01','09:41:12','',1),(74,8,8,'Banco agregado al sistema: BANORTE agregado por: Noé Zarazaua','','2017-09-01','09:41:30','',1),(75,8,8,'Banco agregado al sistema: AFIRME agregado por: Noé Zarazaua','','2017-09-01','09:41:41','',1),(76,8,8,'Banco agregado al sistema: SANTANDER agregado por: Noé Zarazaua','','2017-09-01','09:41:51','',1),(77,11,8,'Empresa agregada al sistema: MEGA agregado por: Noé Zarazaua','','2017-09-01','09:42:18','',1),(78,11,8,'Empresa agregada al sistema: COAR agregado por: Noé Zarazaua','','2017-09-01','09:42:33','',1),(79,11,8,'Empresa agregada al sistema: ELIZONDO-CASTRO agregado por: Noé Zarazaua','','2017-09-01','09:43:00','',1),(80,11,8,'Empresa agregada al sistema: ARCE agregado por: Noé Zarazaua','','2017-09-01','09:43:11','',1),(81,11,8,'Empresa agregada al sistema: KIKAPOO agregado por: Noé Zarazaua','','2017-09-01','09:43:24','',1),(82,11,8,'Empresa agregada al sistema: AMSA agregado por: Noé Zarazaua','','2017-09-01','09:43:33','',1),(83,11,8,'Empresa agregada al sistema: VIVEN agregado por: Noé Zarazaua','','2017-09-01','09:43:43','',1),(84,1,7,'El usuario inició sesión. Nombre de usuario: carlos','','2017-09-01','11:07:24','',1),(85,2,7,'El usuario cerró sesión: Carlos Farias','11:07:24189.208.112.133|7|Carlos Farias|carlos','2017-09-01','11:08:10','',1),(86,1,7,'El usuario inició sesión. Nombre de usuario: carlos','','2017-09-01','16:02:13','',1),(87,2,7,'El usuario cerró sesión: Carlos Farias','16:02:13189.208.112.133|7|Carlos Farias|carlos','2017-09-01','16:02:27','',1),(88,1,6,'El usuario inició sesión. Nombre de usuario: ralpuchev','','2017-09-01','18:26:43','',1),(89,2,6,'El usuario cerró sesión: Rafa Alpuche','18:26:43201.149.88.206|6|Rafa Alpuche|ralpuchev','2017-09-01','18:28:09','',1),(90,3,0,'Datos de acceso incorrectos. Usuario: ralpuchev y password: lionheart ','','2017-09-01','18:28:25','',1),(91,1,1,'El usuario inició sesión. Nombre de usuario: system','','2017-09-01','18:28:38','',1),(92,2,1,'El usuario cerró sesión: System','18:28:38201.149.88.206|1|System|system','2017-09-01','18:29:06','',1),(93,1,8,'El usuario inició sesión. Nombre de usuario: noe','','2017-09-02','12:47:04','',1),(94,1,8,'El usuario inició sesión. Nombre de usuario: noe','','2017-09-03','14:12:00','',1),(95,2,8,'El usuario cerró sesión: Noé Zarazaua','14:12:00200.68.140.10|8|Noé Zarazaua|noe','2017-09-03','14:12:20','',1),(96,3,0,'Datos de acceso incorrectos. Usuario: noe  y password: 12345678','','2017-09-03','14:13:14','',1),(97,1,8,'El usuario inició sesión. Nombre de usuario: noe','','2017-09-03','14:13:43','',1),(98,8,8,'Banco agregado al sistema: BANAMEX agregado por: Noé Zarazaua','','2017-09-03','14:16:26','',1),(99,1,6,'El usuario inició sesión. Nombre de usuario: ralpuchev','','2017-09-04','02:47:23','',1),(100,2,6,'El usuario cerró sesión: Rafa Alpuche','02:47:23187.162.169.93|6|Rafa Alpuche|ralpuchev','2017-09-04','02:48:54','',1),(101,3,0,'Datos de acceso incorrectos. Usuario: CARLOS y password: 12345678','','2017-09-04','09:55:56','',1),(102,1,7,'El usuario inició sesión. Nombre de usuario: carlos','','2017-09-04','09:56:04','',1),(103,1,8,'El usuario inició sesión. Nombre de usuario: noe','','2017-09-04','11:26:55','',1),(104,2,8,'El usuario cerró sesión: Noé Zarazaua','11:26:552806:108e:e:6e8c:447:b0cf:8aa1:6f6|8|Noé Zarazaua|noe','2017-09-04','11:27:45','',1),(105,1,8,'El usuario inició sesión. Nombre de usuario: noe','','2017-09-04','12:53:00','',1),(106,11,8,'Empresa agregada al sistema: CASO agregado por: Noé Zarazaua','','2017-09-04','13:05:41','',1),(107,12,8,'Empresa actualizada: CASO por: Noé Zarazaua','10|CASO|1','2017-09-04','13:06:09','',1),(108,1,6,'El usuario inició sesión. Nombre de usuario: ralpuchev','','2017-09-04','13:44:46','',1),(109,1,6,'El usuario inició sesión. Nombre de usuario: ralpuchev','','2017-09-04','15:07:46','',1),(110,1,8,'El usuario inició sesión. Nombre de usuario: noe','','2017-09-04','16:49:51','',1),(111,2,8,'El usuario cerró sesión: Noé Zarazaua','16:49:512806:108e:e:a12a:8892:fc8c:2ff0:eeda|8|Noé Zarazaua|noe','2017-09-04','16:52:21','',1),(112,1,6,'El usuario inició sesión. Nombre de usuario: ralpuchev','','2017-09-04','22:03:35','',1),(113,2,6,'El usuario cerró sesión: Rafa Alpuche','22:03:35187.162.169.93|6|Rafa Alpuche|ralpuchev','2017-09-04','22:03:55','',1),(114,1,8,'El usuario inició sesión. Nombre de usuario: noe','','2017-09-04','22:35:17','',1),(115,1,6,'El usuario inició sesión. Nombre de usuario: ralpuchev','','2017-09-05','13:31:20','',1),(116,2,6,'El usuario cerró sesión: Rafa Alpuche','13:31:20201.149.88.206|6|Rafa Alpuche|ralpuchev','2017-09-05','13:31:37','',1),(117,1,6,'El usuario inició sesión. Nombre de usuario: ralpuchev','','2017-09-05','15:40:10','',1),(118,1,8,'El usuario inició sesión. Nombre de usuario: noe','','2017-09-05','15:40:48','',1),(119,2,6,'El usuario cerró sesión: Rafa Alpuche','15:40:10201.149.88.206|6|Rafa Alpuche|ralpuchev','2017-09-05','15:42:49','',1),(120,1,8,'El usuario inició sesión. Nombre de usuario: noe','','2017-09-05','16:46:01','',1),(121,1,8,'El usuario inició sesión. Nombre de usuario: noe','','2017-09-06','09:57:01','',1),(122,14,8,'Datos de facturacion agregados: HUMBERTO QUETZALCOATL JESUS RAMON LOPEZ VALDEZ RFC: LOVH8108114K3','','2017-09-06','09:58:53','',1),(123,17,8,'Cliente agregado al sistema: KETZA agregado por: Noé Zarazaua','','2017-09-06','10:24:56','',1),(124,17,8,'Cliente agregado al sistema: KETZA agregado por: Noé Zarazaua','','2017-09-06','10:31:09','',1),(125,5,8,'Usuario agregado al sistema: JORGE VALDEZ PEÑA agregado por: Noé Zarazaua','','2017-09-06','10:41:16','',1),(126,5,8,'Usuario agregado al sistema: Jonathan Lerma Fuentes  agregado por: Noé Zarazaua','','2017-09-06','10:45:01','',1),(127,6,8,'Usuario actualizado: Mario Escamilla Cedillo  por: Noé Zarazaua','10|Jonathan Lerma Fuentes |2|jona2016|Facturacion2018|facturacion@orbesolutions.mx|1','2017-09-06','10:46:33','',1),(128,6,8,'Usuario actualizado: Manuel Martinez por: Noé Zarazaua','10|Mario Escamilla Cedillo |2|mario2017|Facturacion2017|facturacion@orbesolutions.mx|1','2017-09-06','10:47:15','',1),(129,6,8,'Usuario actualizado: Diego Hernandez Andrade por: Noé Zarazaua','10|Manuel Martinez|2|manuel2018|Facturacion2018|info@orbesolutions.mx|1','2017-09-06','10:48:28','',1),(130,6,8,'Usuario actualizado: Raul Martinez Martell por: Noé Zarazaua','10|Diego Hernandez Andrade|2|diego2019|Facturacion2018|info@orbesolutions.mx|1','2017-09-06','10:48:53','',1),(131,6,8,'Usuario actualizado: Noé Zarazaua por: Noé Zarazaua','8|Noé Zarazaua|1|noe|12345678||1','2017-09-06','11:17:17','',1),(132,2,8,'El usuario cerró sesión: Noé Zarazaua','09:57:012806:108e:e:a12a:54db:3bb7:1c83:f2a7|8|Noé Zarazaua|noe','2017-09-06','11:17:28','',1),(133,1,6,'El usuario inició sesión. Nombre de usuario: ralpuchev','','2017-09-06','11:36:33','',1),(134,3,0,'Datos de acceso incorrectos. Usuario: ralpuchev y password: fallo2015','','2017-09-06','23:30:22','',1),(135,1,6,'El usuario inició sesión. Nombre de usuario: ralpuchev','','2017-09-06','23:30:28','',1),(136,7,6,'Usuario eliminado: 16 por: Rafa Alpuche','16|Raul Martell Martinez|2|raul2020|Facturacion2022|info@orbesolutions.mx|1','2017-09-06','23:32:18','',1),(137,1,8,'El usuario inició sesión. Nombre de usuario: noe','','2017-09-07','10:53:39','',1),(138,6,8,'Usuario actualizado: Raul Martell Martinez por: Noé Zarazaua','16|Raul Martell Martinez|2|raul2020|Facturacion2022|info@orbesolutions.mx|1','2017-09-07','10:58:05','',1),(139,6,8,'Usuario actualizado: Raul Martell Martinez por: Noé Zarazaua','16|Raul Martell Martinez|3|raul2020|Facturacion2022|info@orbesolutions.mx|1','2017-09-07','10:58:55','',1),(140,5,8,'Usuario agregado al sistema: EDGAR DE LEON agregado por: Noé Zarazaua','','2017-09-07','11:20:28','',1),(141,5,8,'Usuario agregado al sistema: ALFONSO VALDEZ agregado por: Noé Zarazaua','','2017-09-07','11:22:18','',1),(142,5,8,'Usuario agregado al sistema: ALAN MARES agregado por: Noé Zarazaua','','2017-09-07','11:22:56','',1),(143,5,8,'Usuario agregado al sistema: GERARDO VALDEZ agregado por: Noé Zarazaua','','2017-09-07','11:23:34','',1),(144,5,8,'Usuario agregado al sistema: HUMBERTO VILLANUEVA agregado por: Noé Zarazaua','','2017-09-07','11:24:31','',1),(145,5,8,'Usuario agregado al sistema: ELEAZAR MARTINEZ agregado por: Noé Zarazaua','','2017-09-07','11:25:33','',1),(146,5,8,'Usuario agregado al sistema: ERVEY MARTINEZ agregado por: Noé Zarazaua','','2017-09-07','11:26:23','',1),(147,5,8,'Usuario agregado al sistema: ALEJANDRO VALDEZ agregado por: Noé Zarazaua','','2017-09-07','11:27:13','',1),(148,5,8,'Usuario agregado al sistema: MARCO ANTONIO RODRIGUEZ agregado por: Noé Zarazaua','','2017-09-07','11:27:56','',1),(149,5,8,'Usuario agregado al sistema: RICARDO CAMPOS agregado por: Noé Zarazaua','','2017-09-07','11:28:34','',1),(150,5,8,'Usuario agregado al sistema: HUGO RAMIREZ agregado por: Noé Zarazaua','','2017-09-07','11:29:20','',1),(151,5,8,'Usuario agregado al sistema: QUETZALCOATLH LOPEZ agregado por: Noé Zarazaua','','2017-09-07','11:30:23','',1),(152,5,8,'Usuario agregado al sistema: JORGE VALDEZ agregado por: Noé Zarazaua','','2017-09-07','11:31:02','',1),(153,5,8,'Usuario agregado al sistema: FERNANDO CHAVANA agregado por: Noé Zarazaua','','2017-09-07','11:31:42','',1),(154,26,8,'Gasto de Cliente agregado','','2017-09-07','12:15:38','',1),(155,26,8,'Gasto de Cliente agregado','','2017-09-07','12:19:41','',1),(156,26,8,'Gasto de Cliente agregado','','2017-09-07','12:21:01','',1),(157,11,8,'Empresa agregada al sistema: LUIS ALFONSO GUTIERREZ GARCIA agregado por: Noé Zarazaua','','2017-09-07','12:24:22','',1),(158,11,8,'Empresa agregada al sistema: JUAN JOSE BARRIOS CISNEROS agregado por: Noé Zarazaua','','2017-09-07','12:24:41','',1),(159,11,8,'Empresa agregada al sistema: JOSE SALVADOR SANCHEZ MARTINEZ agregado por: Noé Zarazaua','','2017-09-07','12:24:57','',1),(160,11,8,'Empresa agregada al sistema: JOSE CARLOS IBARRA MARTINEZ agregado por: Noé Zarazaua','','2017-09-07','12:25:12','',1),(161,11,8,'Empresa agregada al sistema: OSCAR EFREN GARZA MARTINEZ agregado por: Noé Zarazaua','','2017-09-07','12:25:31','',1),(162,11,8,'Empresa agregada al sistema: ANDRES ALEJANDRO REGINO VALDEZ agregado por: Noé Zarazaua','','2017-09-07','12:25:55','',1),(163,11,8,'Empresa agregada al sistema: OSCAR EDUARDO GODINA VALDEZ agregado por: Noé Zarazaua','','2017-09-07','12:28:34','',1),(164,11,8,'Empresa agregada al sistema: VICTOR MARIO SERVIN MARES agregado por: Noé Zarazaua','','2017-09-07','12:29:10','',1),(165,11,8,'Empresa agregada al sistema: BRANDO JONATHAN CONTRERAS ALVAREZ agregado por: Noé Zarazaua','','2017-09-07','12:30:45','',1),(166,27,8,'Gasto de Cliente Actualizado','3|28|7|71|3|2017-09-04|12:15:38|100000|.03|8|1|QUETZALCOATLH LOPEZ|KIKAPOO|HEVIL CONSTRUCCIONES S.A. DE C.V.|BANCOMER','2017-09-07','12:31:18','',1),(167,26,8,'Gasto de Cliente agregado','','2017-09-07','12:32:57','',1),(168,26,8,'Gasto de Cliente agregado','','2017-09-07','12:34:46','',1),(169,26,8,'Gasto de Cliente agregado','','2017-09-07','12:36:07','',1),(170,17,8,'Cliente agregado al sistema: TRB REFACTORIES SA DE CV agregado por: Noé Zarazaua','','2017-09-07','12:41:00','',1),(171,26,8,'Gasto de Cliente agregado','','2017-09-07','12:46:42','',1),(172,26,8,'Gasto de Cliente agregado','','2017-09-07','12:48:35','',1),(173,26,8,'Gasto de Cliente agregado','','2017-09-07','12:49:51','',1),(174,26,8,'Gasto de Cliente agregado','','2017-09-07','12:51:05','',1),(175,26,8,'Gasto de Cliente agregado','','2017-09-07','12:51:55','',1),(176,26,8,'Gasto de Cliente agregado','','2017-09-07','12:52:46','',1),(177,5,8,'Usuario agregado al sistema: ISRAEL MARTINEZ agregado por: Noé Zarazaua','','2017-09-07','12:55:13','',1),(178,26,8,'Gasto de Cliente agregado','','2017-09-07','12:56:09','',1),(179,26,8,'Gasto de Cliente agregado','','2017-09-07','12:56:58','',1),(180,26,8,'Gasto de Cliente agregado','','2017-09-07','12:57:42','',1),(181,1,8,'El usuario inició sesión. Nombre de usuario: noe','','2017-09-07','14:49:03','',1),(182,26,8,'Gasto de Cliente agregado','','2017-09-07','14:56:05','',1),(183,26,8,'Gasto de Cliente agregado','','2017-09-07','14:57:19','',1),(184,26,8,'Gasto de Cliente agregado','','2017-09-07','14:58:06','',1),(185,26,8,'Gasto de Cliente agregado','','2017-09-07','15:00:37','',1),(186,26,8,'Gasto de Cliente agregado','','2017-09-07','15:01:55','',1),(187,26,8,'Gasto de Cliente agregado','','2017-09-07','15:04:44','',1),(188,26,8,'Gasto de Cliente agregado','','2017-09-07','15:07:26','',1),(189,5,8,'Usuario agregado al sistema: JESUS ALBERTO VALDEZ SALINAS agregado por: Noé Zarazaua','','2017-09-07','15:09:06','',1),(190,26,8,'Gasto de Cliente agregado','','2017-09-07','15:09:59','',1),(191,26,8,'Gasto de Cliente agregado','','2017-09-07','15:17:00','',1),(192,26,8,'Gasto de Cliente agregado','','2017-09-07','15:17:49','',1),(193,26,8,'Gasto de Cliente agregado','','2017-09-07','15:18:41','',1),(194,26,8,'Gasto de Cliente agregado','','2017-09-07','15:20:08','',1),(195,26,8,'Gasto de Cliente agregado','','2017-09-07','15:20:50','',1),(196,26,8,'Gasto de Cliente agregado','','2017-09-07','15:36:11','',1),(197,26,8,'Gasto de Cliente agregado','','2017-09-07','15:36:57','',1),(198,26,8,'Gasto de Cliente agregado','','2017-09-07','15:37:48','',1),(199,26,8,'Gasto de Cliente agregado','','2017-09-07','15:47:41','',1),(200,26,8,'Gasto de Cliente agregado','','2017-09-07','15:48:19','',1),(201,26,8,'Gasto de Cliente agregado','','2017-09-07','15:54:11','',1),(202,26,8,'Gasto de Cliente agregado','','2017-09-07','15:54:54','',1),(203,26,8,'Gasto de Cliente agregado','','2017-09-07','15:55:43','',1),(204,26,8,'Gasto de Cliente agregado','','2017-09-07','15:56:38','',1),(205,26,8,'Gasto de Cliente agregado','','2017-09-07','15:57:14','',1),(206,26,8,'Gasto de Cliente agregado','','2017-09-07','15:57:58','',1),(207,26,8,'Gasto de Cliente agregado','','2017-09-07','15:58:37','',1),(208,26,8,'Gasto de Cliente agregado','','2017-09-07','15:59:19','',1),(209,27,8,'Gasto de Cliente Actualizado','43|25|6|642|3|2017-09-06|15:59:19|20242.00|.01|8|1|MARCO ANTONIO RODRIGUEZ|ARCE|JOSE AMANDO FUENTES GONZALEZ|BANCOMER','2017-09-07','15:59:26','',1),(210,26,8,'Gasto de Cliente agregado','','2017-09-07','16:00:22','',1),(211,26,8,'Gasto de Cliente agregado','','2017-09-07','16:01:38','',1),(212,26,8,'Gasto de Cliente agregado','','2017-09-07','16:02:20','',1),(213,26,8,'Gasto de Cliente agregado','','2017-09-07','16:03:03','',1),(214,26,8,'Gasto de Cliente agregado','','2017-09-07','16:03:59','',1),(215,26,8,'Gasto de Cliente agregado','','2017-09-07','16:05:34','',1),(216,26,8,'Gasto de Cliente agregado','','2017-09-07','16:06:22','',1),(217,26,8,'Gasto de Cliente agregado','','2017-09-07','16:13:47','',1),(218,26,8,'Gasto de Cliente agregado','','2017-09-07','16:14:25','',1),(219,2,8,'El usuario cerró sesión: Noé Zarazaua','10:53:392806:108e:e:a12a:ddeb:d169:b661:3333|8|Noé Zarazaua|noe','2017-09-07','16:48:45','',1),(220,1,8,'El usuario inició sesión. Nombre de usuario: noe','','2017-09-07','20:27:28','',1),(221,1,8,'El usuario inició sesión. Nombre de usuario: noe','','2017-09-07','20:59:37','',1),(222,27,8,'Gasto de Cliente Modificado','18|28|7|686|3|2017-09-04|14:56:05|100000.00|.03|8|1|QUETZALCOATLH LOPEZ|KIKAPOO|HEVIL CONSTRUCCIONES S.A. DE C.V.|BANCOMER','2017-09-07','21:05:08','',1),(223,27,8,'Gasto de Cliente Modificado','19|25|5|912|4|2017-09-04|14:57:19|14270.00|.02|8|1|MARCO ANTONIO RODRIGUEZ|ELIZONDO-CASTRO|JULIO ANDRÉS VERA VAZQUEZ|BANORTE','2017-09-07','21:05:32','',1),(224,27,8,'Gasto de Cliente Modificado','20|25|5|912|4|2017-09-04|14:58:05|15515.00|.02|8|1|MARCO ANTONIO RODRIGUEZ|ELIZONDO-CASTRO|JULIO ANDRÉS VERA VAZQUEZ|BANORTE','2017-09-07','21:06:33','',1),(225,2,8,'El usuario cerró sesión: Noé Zarazaua','20:59:37189.248.176.149|8|Noé Zarazaua|noe','2017-09-07','21:10:42','',1),(226,1,8,'El usuario inició sesión. Nombre de usuario: noe','','2017-09-07','21:16:37','',1),(227,27,8,'Gasto de Cliente Actualizado','19|25|5|912|4|2017-09-04|14:57:19|14270.00|.02|8|2|MARCO ANTONIO RODRIGUEZ|ELIZONDO-CASTRO|JULIO ANDRÉS VERA VAZQUEZ|BANORTE','2017-09-07','21:16:59','',1),(228,27,8,'Gasto de Cliente Actualizado','18|28|7|686|3|2017-09-04|14:56:05|100000.00|.03|8|2|QUETZALCOATLH LOPEZ|KIKAPOO|HEVIL CONSTRUCCIONES S.A. DE C.V.|BANCOMER','2017-09-07','21:17:23','',1),(229,1,8,'El usuario inició sesión. Nombre de usuario: noe','','2017-09-07','21:22:00','',1),(230,1,6,'El usuario inició sesión. Nombre de usuario: ralpuchev','','2017-09-07','21:43:56','',1),(231,2,6,'El usuario cerró sesión: Rafa Alpuche','21:43:56187.162.169.93|6|Rafa Alpuche|ralpuchev','2017-09-07','21:52:43','',1),(232,1,6,'El usuario inició sesión. Nombre de usuario: ralpuchev','','2017-09-07','21:52:58','',1),(233,3,0,'Datos de acceso incorrectos. Usuario: noe y password: 12345678','','2017-09-08','09:16:20','',1),(234,3,0,'Datos de acceso incorrectos. Usuario: noe y password: 12345678','','2017-09-08','09:16:31','',1),(235,3,0,'Datos de acceso incorrectos. Usuario: noe y password: 12345678','','2017-09-08','09:16:45','',1),(236,3,0,'Datos de acceso incorrectos. Usuario: noe y password: orbe2015','','2017-09-08','09:17:45','',1),(237,1,8,'El usuario inició sesión. Nombre de usuario: noe','','2017-09-08','09:18:06','',1),(238,2,8,'El usuario cerró sesión: Noé Zarazaua','09:18:062806:108e:e:a12a:e1fb:2362:35fd:79d|8|Noé Zarazaua|noe','2017-09-08','09:18:43','',1),(239,1,8,'El usuario inició sesión. Nombre de usuario: noe','','2017-09-08','09:34:38','',1),(240,2,8,'El usuario cerró sesión: Noé Zarazaua','09:34:38187.210.247.9|8|Noé Zarazaua|noe','2017-09-08','09:35:23','',1),(241,1,8,'El usuario inició sesión. Nombre de usuario: noe','','2017-09-08','09:36:41','',1),(242,1,8,'El usuario inició sesión. Nombre de usuario: noe','','2017-09-08','09:53:06','',1),(243,26,8,'Gasto de Cliente agregado','','2017-09-08','10:18:45','',1),(244,26,8,'Gasto de Cliente agregado','','2017-09-08','10:19:42','',1),(245,27,8,'Gasto de Cliente Actualizado','54|18|8|887|3|2017-09-07|10:19:42|36424.00|.02|8|1|ALFONSO VALDEZ|AMSA|TIMETAL S.A. DE C.V.|BANCOMER','2017-09-08','10:20:02','',1),(246,26,8,'Gasto de Cliente agregado','','2017-09-08','10:22:48','',1),(247,26,8,'Gasto de Cliente agregado','','2017-09-08','10:25:07','',1),(248,26,8,'Gasto de Cliente agregado','','2017-09-08','10:26:09','',1),(249,26,8,'Gasto de Cliente agregado','','2017-09-08','10:28:36','',1),(250,26,8,'Gasto de Cliente agregado','','2017-09-08','10:29:24','',1),(251,26,8,'Gasto de Cliente agregado','','2017-09-08','10:35:27','',1),(252,26,8,'Gasto de Cliente agregado','','2017-09-08','10:40:28','',1),(253,3,0,'Datos de acceso incorrectos. Usuario: noe y password: orbe 15','','2017-09-08','12:24:58','',1),(254,3,0,'Datos de acceso incorrectos. Usuario: noe y password: orbe 15','','2017-09-08','12:25:10','',1),(255,1,8,'El usuario inició sesión. Nombre de usuario: noe','','2017-09-08','12:25:21','',1),(256,26,8,'Gasto de Cliente agregado','','2017-09-08','13:04:46','',1),(257,26,8,'Gasto de Cliente agregado','','2017-09-08','13:08:43','',1),(258,26,8,'Gasto de Cliente agregado','','2017-09-08','13:13:08','',1),(259,26,8,'Gasto de Cliente agregado','','2017-09-08','13:14:03','',1),(260,26,8,'Gasto de Cliente agregado','','2017-09-08','13:14:54','',1),(261,26,8,'Gasto de Cliente agregado','','2017-09-08','13:15:38','',1),(262,26,8,'Gasto de Cliente agregado','','2017-09-08','13:16:48','',1),(263,26,8,'Gasto de Cliente agregado','','2017-09-08','13:17:37','',1),(264,26,8,'Gasto de Cliente agregado','','2017-09-08','13:19:38','',1),(265,26,8,'Gasto de Cliente agregado','','2017-09-08','13:20:37','',1),(266,27,8,'Gasto de Cliente Modificado','37|25|6|642|3|2017-09-06|15:54:53|9860.00|.01|8|1|MARCO ANTONIO RODRIGUEZ|ARCE|JOSE AMANDO FUENTES GONZALEZ|BANCOMER','2017-09-08','13:21:14','',1),(267,27,8,'Gasto de Cliente Modificado','37|25|6|642|3|2017-09-06|15:54:53|9860.00|.01|8|2|MARCO ANTONIO RODRIGUEZ|ARCE|JOSE AMANDO FUENTES GONZALEZ|BANCOMER','2017-09-08','13:21:18','',1),(268,1,8,'El usuario inició sesión. Nombre de usuario: noe','','2017-09-11','11:40:21','',1),(269,2,8,'El usuario cerró sesión: Noé Zarazaua','11:40:212806:108e:e:316e:358f:2d21:5707:f92|8|Noé Zarazaua|noe','2017-09-11','12:13:41','',1),(270,3,0,'Datos de acceso incorrectos. Usuario: Noe y password: Orbe 15','','2017-09-11','17:21:43','',1),(271,1,8,'El usuario inició sesión. Nombre de usuario: noe','','2017-09-11','17:21:56','',1),(272,3,0,'Datos de acceso incorrectos. Usuario: noe y password: orbe 15','','2017-09-12','09:47:42','',1),(273,3,0,'Datos de acceso incorrectos. Usuario: Noe y password: Orbe 15','','2017-09-12','09:48:04','',1),(274,1,8,'El usuario inició sesión. Nombre de usuario: noe','','2017-09-12','09:49:34','',1),(275,26,8,'Gasto de Cliente agregado','','2017-09-12','09:55:32','',1),(276,26,8,'Gasto de Cliente agregado','','2017-09-12','09:59:46','',1),(277,26,8,'Gasto de Cliente agregado','','2017-09-12','10:02:43','',1),(278,26,8,'Gasto de Cliente agregado','','2017-09-12','10:03:44','',1),(279,26,8,'Gasto de Cliente agregado','','2017-09-12','10:04:56','',1),(280,26,8,'Gasto de Cliente agregado','','2017-09-12','10:05:45','',1),(281,26,8,'Gasto de Cliente agregado','','2017-09-12','10:06:18','',1),(282,26,8,'Gasto de Cliente agregado','','2017-09-12','10:07:05','',1),(283,26,8,'Gasto de Cliente agregado','','2017-09-12','10:11:44','',1),(284,26,8,'Gasto de Cliente agregado','','2017-09-12','10:13:12','',1),(285,26,8,'Gasto de Cliente agregado','','2017-09-12','10:13:49','',1),(286,26,8,'Gasto de Cliente agregado','','2017-09-12','10:15:20','',1),(287,26,8,'Gasto de Cliente agregado','','2017-09-12','10:16:09','',1),(288,26,8,'Gasto de Cliente agregado','','2017-09-12','10:17:07','',1),(289,26,8,'Gasto de Cliente agregado','','2017-09-12','10:17:56','',1),(290,26,8,'Gasto de Cliente agregado','','2017-09-12','10:19:16','',1),(291,26,8,'Gasto de Cliente agregado','','2017-09-12','10:20:03','',1),(292,26,8,'Gasto de Cliente agregado','','2017-09-12','10:20:45','',1),(293,26,8,'Gasto de Cliente agregado','','2017-09-12','10:26:17','',1),(294,26,8,'Gasto de Cliente agregado','','2017-09-12','10:27:13','',1),(295,26,8,'Gasto de Cliente agregado','','2017-09-12','10:33:49','',1),(296,26,8,'Gasto de Cliente agregado','','2017-09-12','10:34:42','',1),(297,1,8,'El usuario inició sesión. Nombre de usuario: noe','','2017-09-12','16:05:04','',1),(298,1,6,'El usuario inició sesión. Nombre de usuario: ralpuchev','','2017-09-13','06:23:02','',1),(299,1,6,'El usuario inició sesión. Nombre de usuario: ralpuchev','','2017-09-13','06:27:55','',1),(300,1,6,'El usuario inició sesión. Nombre de usuario: ralpuchev','','2017-09-13','06:40:55','',1),(301,2,6,'El usuario cerró sesión: Rafa Alpuche','06:40:55187.162.169.93|6|Rafa Alpuche|ralpuchev','2017-09-13','06:41:19','',1),(302,1,6,'El usuario inició sesión. Nombre de usuario: ralpuchev','','2017-09-13','06:41:55','',1),(303,26,8,'Gasto de Cliente agregado','','2017-09-13','09:48:21','',1),(304,26,8,'Gasto de Cliente agregado','','2017-09-13','09:50:03','',1),(305,26,8,'Gasto de Cliente agregado','','2017-09-13','09:51:08','',1),(306,26,8,'Gasto de Cliente agregado','','2017-09-13','09:51:58','',1),(307,26,8,'Gasto de Cliente agregado','','2017-09-13','09:52:42','',1),(308,27,8,'Gasto de Cliente Actualizado','98|21|4|625|4|2017-09-12|09:52:42|18627.40|.02|8|1|HUMBERTO VILLANUEVA|COAR|ESTACION DE SERVICIO EL CRUCERO SA DE CV|BANORTE','2017-09-13','09:53:28','',1),(309,26,8,'Gasto de Cliente agregado','','2017-09-13','09:54:42','',1),(310,26,8,'Gasto de Cliente agregado','','2017-09-13','09:55:29','',1),(311,26,8,'Gasto de Cliente agregado','','2017-09-13','10:01:14','',1),(312,26,8,'Gasto de Cliente agregado','','2017-09-13','10:03:08','',1),(313,26,8,'Gasto de Cliente agregado','','2017-09-13','10:04:18','',1),(314,1,8,'El usuario inició sesión. Nombre de usuario: noe','','2017-09-13','12:10:43','',1),(315,1,8,'El usuario inició sesión. Nombre de usuario: noe','','2017-09-13','13:02:12','',1),(316,1,8,'El usuario inició sesión. Nombre de usuario: noe','','2017-09-13','13:41:48','',1),(317,26,8,'Gasto de Cliente agregado','','2017-09-13','13:42:54','',1),(318,26,8,'Gasto de Cliente agregado','','2017-09-13','13:43:57','',1),(319,26,8,'Gasto de Cliente agregado','','2017-09-13','13:44:47','',1),(320,26,8,'Gasto de Cliente agregado','','2017-09-13','13:45:26','',1),(321,26,8,'Gasto de Cliente agregado','','2017-09-13','13:46:12','',1),(322,26,8,'Gasto de Cliente agregado','','2017-09-13','13:49:20','',1),(323,26,8,'Gasto de Cliente agregado','','2017-09-13','13:49:55','',1),(324,1,8,'El usuario inició sesión. Nombre de usuario: noe','','2017-09-13','16:21:04','',1),(325,26,8,'Gasto de Cliente agregado','','2017-09-13','16:24:03','',1),(326,26,8,'Gasto de Cliente agregado','','2017-09-13','16:24:51','',1),(327,26,8,'Gasto de Cliente agregado','','2017-09-13','16:25:32','',1),(328,27,8,'Gasto de Cliente Actualizado','113|25|5|558|4|2017-09-13|16:25:32|21876.00|.01|8|1|MARCO ANTONIO RODRIGUEZ|ELIZONDO-CASTRO|COMERCIALIZADORA ECOHEAT S.A. DE C.V.|BANORTE','2017-09-13','16:29:35','',1),(329,2,8,'El usuario cerró sesión: Noé Zarazaua','13:41:482806:108e:e:65e9:e1bf:7971:d539:818|8|Noé Zarazaua|noe','2017-09-13','16:49:08','',1),(330,1,6,'El usuario inició sesión. Nombre de usuario: ralpuchev','','2017-09-14','08:26:44','',1),(331,27,6,'Gasto de Cliente Actualizado','104|28|8|701|3|2017-09-13|13:42:54|49000.00|.03|8|1|QUETZALCOATLH LOPEZ|AMSA|ANGELICA IBARRA HERNANDEZ|BANCOMER','2017-09-14','08:31:25','',1),(332,27,6,'Gasto de Cliente Actualizado','104|28|8|701|3|2017-09-13|13:42:54|49000.00|.01|8|1|QUETZALCOATLH LOPEZ|AMSA|ANGELICA IBARRA HERNANDEZ|BANCOMER','2017-09-14','08:31:30','',1),(333,2,6,'El usuario cerró sesión: Rafa Alpuche','08:26:44187.162.169.93|6|Rafa Alpuche|ralpuchev','2017-09-14','08:32:14','',1),(334,2,2,'El usuario cerró sesión: ','1212<->3214|2||','2017-09-14','08:33:07','',1),(335,1,6,'El usuario inició sesión. Nombre de usuario: ralpuchev','','2017-09-14','08:34:18','',1),(336,2,6,'El usuario cerró sesión: Rafa Alpuche','08:34:18187.162.169.93|6|Rafa Alpuche|ralpuchev','2017-09-14','08:34:28','',1),(337,1,6,'El usuario inició sesión. Nombre de usuario: ralpuchev','','2017-09-14','08:34:51','',1),(338,27,6,'Gasto de Cliente Actualizado','104|28|8|701|3|2017-09-13|13:42:54|49000.00|.03|8|1|QUETZALCOATLH LOPEZ|AMSA|ANGELICA IBARRA HERNANDEZ|BANCOMER','2017-09-14','08:39:13','',1),(339,27,6,'Gasto de Cliente Actualizado','104|28|8|701|3|2017-09-13|13:42:54|49000.00|0|8|1|QUETZALCOATLH LOPEZ|AMSA|ANGELICA IBARRA HERNANDEZ|BANCOMER','2017-09-14','08:39:24','',1),(340,27,6,'Gasto de Cliente Actualizado','104|28|8|701|3|2017-09-13|13:42:54|49000.00|0.03|8|1|QUETZALCOATLH LOPEZ|AMSA|ANGELICA IBARRA HERNANDEZ|BANCOMER','2017-09-14','08:39:51','',1),(341,1,6,'El usuario inició sesión. Nombre de usuario: ralpuchev','','2017-09-14','08:41:52','',1),(342,27,6,'Gasto de Cliente Actualizado','104|28|8|701|3|2017-09-13|13:42:54|49000.00|0.03|8|1|QUETZALCOATLH LOPEZ|AMSA|ANGELICA IBARRA HERNANDEZ|BANCOMER','2017-09-14','08:42:08','',1),(343,27,6,'Gasto de Cliente Actualizado','104|28|8|701|3|2017-09-13|13:42:54|49000.00|0|8|1|QUETZALCOATLH LOPEZ|AMSA|ANGELICA IBARRA HERNANDEZ|BANCOMER','2017-09-14','08:42:15','',1),(344,2,6,'El usuario cerró sesión: Rafa Alpuche','08:41:52187.162.169.93|6|Rafa Alpuche|ralpuchev','2017-09-14','08:42:36','',1),(345,1,8,'El usuario inició sesión. Nombre de usuario: noe','','2017-09-14','09:53:12','',1),(346,1,8,'El usuario inició sesión. Nombre de usuario: noe','','2017-09-14','10:31:18','',1),(347,5,8,'Usuario agregado al sistema: Ricardo López  agregado por: Noé Zarazaua','','2017-09-14','14:16:27','',1),(348,26,8,'Gasto de Cliente agregado','','2017-09-14','14:17:12','',1),(349,26,8,'Gasto de Cliente agregado','','2017-09-14','14:18:41','',1),(350,26,8,'Gasto de Cliente agregado','','2017-09-14','14:19:38','',1),(351,11,8,'Empresa agregada al sistema: Noe Francisco Zarazua Reyna agregado por: Noé Zarazaua','','2017-09-14','14:23:01','',1),(352,26,8,'Gasto de Cliente agregado','','2017-09-14','14:25:29','',1),(353,26,8,'Gasto de Cliente agregado','','2017-09-14','14:52:54','',1),(354,26,8,'Gasto de Cliente agregado','','2017-09-14','14:53:44','',1),(355,26,8,'Gasto de Cliente agregado','','2017-09-14','14:57:16','',1),(356,26,8,'Gasto de Cliente agregado','','2017-09-14','14:58:04','',1),(357,26,8,'Gasto de Cliente agregado','','2017-09-14','14:58:49','',1),(358,26,8,'Gasto de Cliente agregado','','2017-09-14','14:59:27','',1),(359,26,8,'Gasto de Cliente agregado','','2017-09-14','15:00:53','',1),(360,26,8,'Gasto de Cliente agregado','','2017-09-14','15:22:30','',1),(361,26,8,'Gasto de Cliente agregado','','2017-09-14','15:23:05','',1),(362,26,8,'Gasto de Cliente agregado','','2017-09-14','15:23:41','',1),(363,26,8,'Gasto de Cliente agregado','','2017-09-14','16:38:05','',1),(364,26,8,'Gasto de Cliente agregado','','2017-09-14','16:38:51','',1),(365,1,6,'El usuario inició sesión. Nombre de usuario: ralpuchev','','2017-09-17','11:33:02','',1),(366,2,6,'El usuario cerró sesión: Rafa Alpuche','11:33:02187.162.169.93|6|Rafa Alpuche|ralpuchev','2017-09-17','11:37:13','',1),(367,1,8,'El usuario inició sesión. Nombre de usuario: noe','','2017-09-18','13:07:19','',1),(368,26,8,'Gasto de Cliente agregado','','2017-09-18','13:09:31','',1),(369,26,8,'Gasto de Cliente agregado','','2017-09-18','13:10:16','',1),(370,26,8,'Gasto de Cliente agregado','','2017-09-18','13:13:15','',1),(371,26,8,'Gasto de Cliente agregado','','2017-09-18','13:14:45','',1),(372,26,8,'Gasto de Cliente agregado','','2017-09-18','13:15:28','',1),(373,26,8,'Gasto de Cliente agregado','','2017-09-18','13:16:25','',1),(374,26,8,'Gasto de Cliente agregado','','2017-09-18','13:16:55','',1),(375,26,8,'Gasto de Cliente agregado','','2017-09-18','13:17:32','',1),(376,26,8,'Gasto de Cliente agregado','','2017-09-18','13:18:17','',1),(377,26,8,'Gasto de Cliente agregado','','2017-09-18','13:19:56','',1),(378,26,8,'Gasto de Cliente agregado','','2017-09-18','13:20:44','',1),(379,26,8,'Gasto de Cliente agregado','','2017-09-18','13:21:43','',1),(380,26,8,'Gasto de Cliente agregado','','2017-09-18','13:22:13','',1),(381,26,8,'Gasto de Cliente agregado','','2017-09-18','13:23:48','',1),(382,26,8,'Gasto de Cliente agregado','','2017-09-18','13:24:30','',1),(383,26,8,'Gasto de Cliente agregado','','2017-09-18','13:25:22','',1),(384,26,8,'Gasto de Cliente agregado','','2017-09-18','13:26:25','',1),(385,26,8,'Gasto de Cliente agregado','','2017-09-18','13:29:37','',1),(386,26,8,'Gasto de Cliente agregado','','2017-09-18','13:30:43','',1),(387,26,8,'Gasto de Cliente agregado','','2017-09-18','13:43:19','',1),(388,26,8,'Gasto de Cliente agregado','','2017-09-18','13:44:39','',1),(389,26,8,'Gasto de Cliente agregado','','2017-09-18','13:45:19','',1),(390,26,8,'Gasto de Cliente agregado','','2017-09-18','13:45:56','',1),(391,27,8,'Gasto de Cliente Actualizado','152|33|9|556|3|2017-09-15|13:45:56|102000.00|.03|8|1|Ricardo López |VIVEN|COSE DE COAHUILA SA DE CV|BANCOMER','2017-09-18','13:46:01','',1),(392,26,8,'Gasto de Cliente agregado','','2017-09-18','13:46:50','',1),(393,26,8,'Gasto de Cliente agregado','','2017-09-18','13:47:35','',1),(394,26,8,'Gasto de Cliente agregado','','2017-09-18','13:52:26','',1),(395,26,8,'Gasto de Cliente agregado','','2017-09-18','13:53:34','',1),(396,26,8,'Gasto de Cliente agregado','','2017-09-18','13:54:19','',1),(397,26,8,'Gasto de Cliente agregado','','2017-09-18','13:55:01','',1),(398,26,8,'Gasto de Cliente agregado','','2017-09-18','13:55:38','',1),(399,26,8,'Gasto de Cliente agregado','','2017-09-18','13:56:56','',1),(400,26,8,'Gasto de Cliente agregado','','2017-09-18','13:58:50','',1),(401,26,8,'Gasto de Cliente agregado','','2017-09-18','13:59:35','',1),(402,26,8,'Gasto de Cliente agregado','','2017-09-18','14:00:20','',1),(403,26,8,'Gasto de Cliente agregado','','2017-09-18','14:01:01','',1),(404,26,8,'Gasto de Cliente agregado','','2017-09-18','14:02:42','',1),(405,26,8,'Gasto de Cliente agregado','','2017-09-18','14:03:14','',1),(406,26,8,'Gasto de Cliente agregado','','2017-09-18','14:03:59','',1),(407,26,8,'Gasto de Cliente agregado','','2017-09-18','14:04:30','',1),(408,26,8,'Gasto de Cliente agregado','','2017-09-18','14:05:01','',1),(409,2,8,'El usuario cerró sesión: Noé Zarazaua','13:07:192806:108e:e:7dca:10d9:c489:63fb:f39f|8|Noé Zarazaua|noe','2017-09-18','17:19:30','',1),(410,1,8,'El usuario inició sesión. Nombre de usuario: noe','','2017-09-19','11:18:28','',1),(411,26,8,'Gasto de Cliente agregado','','2017-09-19','11:19:10','',1),(412,26,8,'Gasto de Cliente agregado','','2017-09-19','11:19:42','',1),(413,26,8,'Gasto de Cliente agregado','','2017-09-19','11:21:46','',1),(414,26,8,'Gasto de Cliente agregado','','2017-09-19','11:22:36','',1),(415,26,8,'Gasto de Cliente agregado','','2017-09-19','11:23:11','',1),(416,26,8,'Gasto de Cliente agregado','','2017-09-19','11:24:27','',1),(417,26,8,'Gasto de Cliente agregado','','2017-09-19','11:25:43','',1),(418,26,8,'Gasto de Cliente agregado','','2017-09-19','11:26:51','',1),(419,26,8,'Gasto de Cliente agregado','','2017-09-19','11:27:36','',1),(420,26,8,'Gasto de Cliente agregado','','2017-09-19','11:28:24','',1),(421,3,0,'Datos de acceso incorrectos. Usuario: noe y password: Orbe!5','','2017-09-20','21:17:40','',1),(422,1,8,'El usuario inició sesión. Nombre de usuario: noe','','2017-09-20','21:17:53','',1),(423,1,6,'El usuario inició sesión. Nombre de usuario: ralpuchev','','2017-09-23','23:56:35','',1),(424,1,8,'El usuario inició sesión. Nombre de usuario: noe','','2017-09-24','18:43:29','',1),(425,3,0,'Datos de acceso incorrectos. Usuario: Noe y password: Orbe 15','','2017-09-25','11:15:45','',1),(426,1,8,'El usuario inició sesión. Nombre de usuario: noe','','2017-09-25','11:16:23','',1),(427,26,8,'Gasto de Cliente agregado','','2017-09-25','11:21:19','',1),(428,26,8,'Gasto de Cliente agregado','','2017-09-25','11:22:14','',1),(429,26,8,'Gasto de Cliente agregado','','2017-09-25','11:22:54','',1),(430,26,8,'Gasto de Cliente agregado','','2017-09-25','11:23:45','',1),(431,26,8,'Gasto de Cliente agregado','','2017-09-25','11:24:35','',1),(432,26,8,'Gasto de Cliente agregado','','2017-09-25','11:25:37','',1),(433,26,8,'Gasto de Cliente agregado','','2017-09-25','11:27:59','',1),(434,26,8,'Gasto de Cliente agregado','','2017-09-25','11:30:08','',1),(435,26,8,'Gasto de Cliente agregado','','2017-09-25','11:34:51','',1),(436,26,8,'Gasto de Cliente agregado','','2017-09-25','11:35:28','',1),(437,26,8,'Gasto de Cliente agregado','','2017-09-25','11:36:25','',1),(438,26,8,'Gasto de Cliente agregado','','2017-09-25','11:37:01','',1),(439,26,8,'Gasto de Cliente agregado','','2017-09-25','11:39:04','',1),(440,26,8,'Gasto de Cliente agregado','','2017-09-25','11:53:48','',1),(441,26,8,'Gasto de Cliente agregado','','2017-09-25','11:56:47','',1),(442,26,8,'Gasto de Cliente agregado','','2017-09-25','11:58:26','',1),(443,26,8,'Gasto de Cliente agregado','','2017-09-25','12:02:01','',1),(444,26,8,'Gasto de Cliente agregado','','2017-09-25','12:02:44','',1),(445,26,8,'Gasto de Cliente agregado','','2017-09-25','12:03:47','',1),(446,26,8,'Gasto de Cliente agregado','','2017-09-25','12:04:36','',1),(447,26,8,'Gasto de Cliente agregado','','2017-09-25','12:05:37','',1),(448,26,8,'Gasto de Cliente agregado','','2017-09-25','12:06:18','',1),(449,26,8,'Gasto de Cliente agregado','','2017-09-25','12:07:37','',1),(450,26,8,'Gasto de Cliente agregado','','2017-09-25','12:08:14','',1),(451,26,8,'Gasto de Cliente agregado','','2017-09-25','12:09:02','',1),(452,26,8,'Gasto de Cliente agregado','','2017-09-25','12:09:58','',1),(453,26,8,'Gasto de Cliente agregado','','2017-09-25','12:11:03','',1),(454,26,8,'Gasto de Cliente agregado','','2017-09-25','12:12:10','',1),(455,26,8,'Gasto de Cliente agregado','','2017-09-25','12:13:06','',1),(456,26,8,'Gasto de Cliente agregado','','2017-09-25','12:13:53','',1),(457,26,8,'Gasto de Cliente agregado','','2017-09-25','12:16:47','',1),(458,26,8,'Gasto de Cliente agregado','','2017-09-25','12:19:22','',1),(459,26,8,'Gasto de Cliente agregado','','2017-09-25','12:20:09','',1),(460,26,8,'Gasto de Cliente agregado','','2017-09-25','12:20:48','',1),(461,26,8,'Gasto de Cliente agregado','','2017-09-25','12:21:18','',1),(462,26,8,'Gasto de Cliente agregado','','2017-09-25','12:22:06','',1),(463,26,8,'Gasto de Cliente agregado','','2017-09-25','12:23:01','',1),(464,26,8,'Gasto de Cliente agregado','','2017-09-25','12:24:26','',1),(465,27,8,'Gasto de Cliente Actualizado','217|17|6|829|3|2017-09-22|12:24:26|19597.00|.02|8|1|EDGAR DE LEON|ARCE|RECMESA, S.A DE C.V|BANCOMER','2017-09-25','12:24:36','',1),(466,26,8,'Gasto de Cliente agregado','','2017-09-25','12:25:30','',1),(467,26,8,'Gasto de Cliente agregado','','2017-09-25','12:26:18','',1),(468,26,8,'Gasto de Cliente agregado','','2017-09-25','12:27:22','',1),(469,26,8,'Gasto de Cliente agregado','','2017-09-25','12:29:29','',1),(470,26,8,'Gasto de Cliente agregado','','2017-09-25','12:30:16','',1),(471,26,8,'Gasto de Cliente agregado','','2017-09-25','12:31:41','',1),(472,26,8,'Gasto de Cliente agregado','','2017-09-25','12:32:20','',1),(473,26,8,'Gasto de Cliente agregado','','2017-09-25','12:32:55','',1),(474,26,8,'Gasto de Cliente agregado','','2017-09-25','12:33:43','',1),(475,26,8,'Gasto de Cliente agregado','','2017-09-25','12:34:28','',1),(476,26,8,'Gasto de Cliente agregado','','2017-09-25','12:36:02','',1),(477,26,8,'Gasto de Cliente agregado','','2017-09-25','12:36:30','',1),(478,26,8,'Gasto de Cliente agregado','','2017-09-25','12:37:02','',1),(479,26,8,'Gasto de Cliente agregado','','2017-09-25','12:38:04','',1),(480,26,8,'Gasto de Cliente agregado','','2017-09-25','12:38:51','',1),(481,26,8,'Gasto de Cliente agregado','','2017-09-25','12:39:47','',1),(482,26,8,'Gasto de Cliente agregado','','2017-09-25','12:41:31','',1),(483,26,8,'Gasto de Cliente agregado','','2017-09-25','12:42:33','',1),(484,26,8,'Gasto de Cliente agregado','','2017-09-25','12:44:55','',1),(485,26,8,'Gasto de Cliente agregado','','2017-09-25','12:46:30','',1),(486,26,8,'Gasto de Cliente agregado','','2017-09-25','12:47:28','',1),(487,26,8,'Gasto de Cliente agregado','','2017-09-25','12:48:17','',1),(488,26,8,'Gasto de Cliente agregado','','2017-09-25','12:49:30','',1),(489,1,8,'El usuario inició sesión. Nombre de usuario: noe','','2017-09-26','12:17:44','',1),(490,3,0,'Datos de acceso incorrectos. Usuario: noe y password: Orbe2015','','2017-09-26','15:41:12','',1),(491,1,8,'El usuario inició sesión. Nombre de usuario: noe','','2017-09-26','15:41:31','',1),(492,6,8,'Usuario actualizado: Diego Hernandez Andrade por: Noé Zarazaua','15|Diego Hernandez Andrade|2|diego2019|Facturacion2021|info@orbesolutions.mx|1','2017-09-26','15:42:28','',1),(493,1,15,'El usuario inició sesión. Nombre de usuario: diego2019','','2017-09-26','15:43:04','',1),(494,6,8,'Usuario actualizado: Mario Escamilla Cedillo por: Noé Zarazaua','13|Mario Escamilla Cedillo|2|mario2017|Facturacion2019|info@orbesolutions.mx|1','2017-09-26','15:43:42','',1),(495,3,0,'Datos de acceso incorrectos. Usuario: MARIO2017 y password: ORBE2017','','2017-09-26','15:45:19','',1),(496,3,0,'Datos de acceso incorrectos. Usuario: mario2017 y password: orbe2017','','2017-09-26','15:45:36','',1),(497,3,0,'Datos de acceso incorrectos. Usuario: MARIO2019 y password: oRBE2017','','2017-09-26','15:46:08','',1),(498,3,0,'Datos de acceso incorrectos. Usuario: mario2019 y password: Orbe2017','','2017-09-26','15:46:21','',1),(499,1,13,'El usuario inició sesión. Nombre de usuario: mario2017','','2017-09-26','15:46:47','',1),(500,2,13,'El usuario cerró sesión: Mario Escamilla Cedillo','15:46:47189.248.108.85|13|Mario Escamilla Cedillo|mario2017','2017-09-26','16:26:35','',1),(501,1,8,'El usuario inició sesión. Nombre de usuario: noe','','2017-09-26','17:57:33','',1),(502,26,8,'Gasto de Cliente agregado','','2017-09-27','09:59:44','',1),(503,26,8,'Gasto de Cliente agregado','','2017-09-27','10:01:37','',1),(504,26,8,'Gasto de Cliente agregado','','2017-09-27','10:03:30','',1),(505,26,8,'Gasto de Cliente agregado','','2017-09-27','10:04:07','',1),(506,26,8,'Gasto de Cliente agregado','','2017-09-27','10:08:43','',1),(507,26,8,'Gasto de Cliente agregado','','2017-09-27','10:10:03','',1),(508,26,8,'Gasto de Cliente agregado','','2017-09-27','10:10:43','',1),(509,26,8,'Gasto de Cliente agregado','','2017-09-27','10:12:27','',1),(510,26,8,'Gasto de Cliente agregado','','2017-09-27','10:13:15','',1),(511,26,8,'Gasto de Cliente agregado','','2017-09-27','10:14:36','',1),(512,26,8,'Gasto de Cliente agregado','','2017-09-27','10:18:41','',1),(513,26,8,'Gasto de Cliente agregado','','2017-09-27','10:19:22','',1),(514,26,8,'Gasto de Cliente agregado','','2017-09-27','10:21:01','',1),(515,26,8,'Gasto de Cliente agregado','','2017-09-27','10:22:11','',1),(516,26,8,'Gasto de Cliente agregado','','2017-09-27','10:22:44','',1),(517,26,8,'Gasto de Cliente agregado','','2017-09-27','10:23:15','',1),(518,26,8,'Gasto de Cliente agregado','','2017-09-27','10:23:51','',1),(519,26,8,'Gasto de Cliente agregado','','2017-09-27','10:24:24','',1),(520,26,8,'Gasto de Cliente agregado','','2017-09-27','10:25:01','',1),(521,26,8,'Gasto de Cliente agregado','','2017-09-27','10:26:11','',1),(522,1,15,'El usuario inició sesión. Nombre de usuario: diego2019','','2017-09-27','10:28:11','',1),(523,26,8,'Gasto de Cliente agregado','','2017-09-27','10:28:27','',1),(524,26,8,'Gasto de Cliente agregado','','2017-09-27','10:28:55','',1),(525,26,8,'Gasto de Cliente agregado','','2017-09-27','10:29:29','',1),(526,26,15,'Gasto de Cliente agregado','','2017-09-27','10:40:13','',1),(527,1,13,'El usuario inició sesión. Nombre de usuario: mario2017','','2017-09-27','10:40:25','',1),(528,26,15,'Gasto de Cliente agregado','','2017-09-27','10:41:24','',1),(529,26,15,'Gasto de Cliente agregado','','2017-09-27','12:44:07','',1),(530,27,15,'Gasto de Cliente Actualizado','266|25|7|896|3|2017-09-27|12:44:07|61712|.02|15|1|MARCO ANTONIO RODRIGUEZ|KIKAPOO|TRAMETAL S.A. DE C.V.|BANCOMER','2017-09-27','12:44:25','',1),(531,26,15,'Gasto de Cliente agregado','','2017-09-27','13:03:41','',1),(532,28,15,'Gasto de Cliente Eliminado','267|25|7|896|3|2017-09-27|13:03:41|61733|.02|15|1|MARCO ANTONIO RODRIGUEZ|KIKAPOO|TRAMETAL S.A. DE C.V.|BANCOMER','2017-09-27','13:04:03','',1),(533,26,15,'Gasto de Cliente agregado','','2017-09-27','13:07:23','',1),(534,26,15,'Gasto de Cliente agregado','','2017-09-27','13:57:22','',1),(535,27,8,'Gasto de Cliente Actualizado','266|25|6|896|3|2017-09-27|12:44:07|48140|.02|15|1|MARCO ANTONIO RODRIGUEZ|ARCE|TRAMETAL S.A. DE C.V.|BANCOMER','2017-09-27','15:46:52','',1),(536,27,8,'Gasto de Cliente Actualizado','268|25|7|896|3|2017-09-27|13:07:23|61712|.02|15|1|MARCO ANTONIO RODRIGUEZ|KIKAPOO|TRAMETAL S.A. DE C.V.|BANCOMER','2017-09-27','15:47:15','',1),(537,27,8,'Gasto de Cliente Actualizado','269|19|7|730|3|2017-09-27|13:57:22|34205|.02|15|1|ALAN MARES|KIKAPOO|HECTOR MARIANO LIRA PUENTE|BANCOMER','2017-09-27','15:47:33','',1),(538,2,8,'El usuario cerró sesión: Noé Zarazaua','15:41:31189.248.207.186|8|Noé Zarazaua|noe','2017-09-27','15:50:36','',1),(539,1,15,'El usuario inició sesión. Nombre de usuario: diego2019','','2017-09-28','10:53:21','',1),(540,26,15,'Gasto de Cliente agregado','','2017-09-28','10:54:59','',1),(541,26,15,'Gasto de Cliente agregado','','2017-09-28','10:59:30','',1),(542,1,8,'El usuario inició sesión. Nombre de usuario: noe','','2017-09-28','11:01:20','',1),(543,1,13,'El usuario inició sesión. Nombre de usuario: mario2017','','2017-09-28','16:57:24','',1),(544,11,13,'Empresa agregada al sistema: PROYECTO SANTA FE S.A. DE C.V. agregado por: Mario Escamilla Cedillo','','2017-09-28','17:00:37','',1),(545,26,15,'Gasto de Cliente agregado','','2017-09-28','17:02:07','',1),(546,26,15,'Gasto de Cliente agregado','','2017-09-28','17:04:00','',1),(547,26,15,'Gasto de Cliente agregado','','2017-09-28','17:08:25','',1),(548,26,15,'Gasto de Cliente agregado','','2017-09-28','17:09:32','',1),(549,26,15,'Gasto de Cliente agregado','','2017-09-28','17:10:29','',1),(550,27,15,'Gasto de Cliente Actualizado','275|26|9|598|3|2017-09-28|17:09:32|96186.00|.02|15|1|RICARDO CAMPOS|VIVEN|CONSTRUCCIONES Y SUPERVISIÓN INDUSTRIAL, S.A. DE C.V.|BANCOMER','2017-09-28','17:11:01','',1),(551,27,15,'Gasto de Cliente Actualizado','276|26|9|598|3|2017-09-28|17:10:29|112486.00|.01|15|1|RICARDO CAMPOS|VIVEN|CONSTRUCCIONES Y SUPERVISIÓN INDUSTRIAL, S.A. DE C.V.|BANCOMER','2017-09-28','17:11:21','',1),(552,14,13,'Datos de facturacion agregados: PROYECTOS SANTA FE S. DE R.L. DE C.V. RFC: PSF0807234Z0','','2017-09-28','17:12:33','',1),(553,17,13,'Cliente agregado al sistema: PROYECTOS SANTA FE S. DE R.L. DE C.V. agregado por: Mario Escamilla Cedillo','','2017-09-28','17:12:49','',1),(554,26,13,'Gasto de Cliente agregado','','2017-09-28','17:14:28','',1),(555,17,15,'Cliente agregado al sistema: JESUS EBERARDO DE LOS SANTOS SALAIS   agregado por: Diego Hernandez Andrade','','2017-09-28','17:14:54','',1),(556,26,13,'Gasto de Cliente agregado','','2017-09-28','17:16:16','',1),(557,14,15,'Datos de facturacion agregados: JESUS EBERARDO DE LOS SANTO SALAIS  RFC: SASJ560902R56','','2017-09-28','17:18:31','',1),(558,26,13,'Gasto de Cliente agregado','','2017-09-28','17:19:54','',1),(559,26,15,'Gasto de Cliente agregado','','2017-09-28','17:20:17','',1),(560,27,15,'Gasto de Cliente Actualizado','280|23|8|858|3|2017-09-28|17:20:17|145380.70|.02|15|1|ERVEY MARTINEZ|AMSA|JESUS EVERARDO DE LOS SANTOS SALAIS|BANCOMER','2017-09-28','17:20:43','',1),(561,26,13,'Gasto de Cliente agregado','','2017-09-28','17:21:06','',1),(562,27,15,'Gasto de Cliente Actualizado','280|23|8|858|3|2017-09-28|17:20:17|170400.50|.02|15|1|ERVEY MARTINEZ|AMSA|JESUS EVERARDO DE LOS SANTOS SALAIS|BANCOMER','2017-09-28','17:21:08','',1),(563,26,13,'Gasto de Cliente agregado','','2017-09-28','17:22:26','',1),(564,26,15,'Gasto de Cliente agregado','','2017-09-28','17:22:57','',1),(565,26,15,'Gasto de Cliente agregado','','2017-09-28','17:23:38','',1),(566,26,13,'Gasto de Cliente agregado','','2017-09-28','17:23:45','',1),(567,26,15,'Gasto de Cliente agregado','','2017-09-28','17:24:29','',1),(568,26,15,'Gasto de Cliente agregado','','2017-09-28','17:25:18','',1),(569,26,15,'Gasto de Cliente agregado','','2017-09-28','17:26:17','',1),(570,26,15,'Gasto de Cliente agregado','','2017-09-28','17:27:10','',1),(571,26,15,'Gasto de Cliente agregado','','2017-09-28','17:27:46','',1),(572,26,15,'Gasto de Cliente agregado','','2017-09-28','17:28:34','',1),(573,26,15,'Gasto de Cliente agregado','','2017-09-28','17:29:07','',1),(574,1,15,'El usuario inició sesión. Nombre de usuario: diego2019','','2017-09-29','10:12:47','',1),(575,26,15,'Gasto de Cliente agregado','','2017-09-29','10:57:23','',1),(576,26,15,'Gasto de Cliente agregado','','2017-09-29','11:06:27','',1),(577,26,15,'Gasto de Cliente agregado','','2017-09-29','11:07:32','',1),(578,27,15,'Gasto de Cliente Actualizado','295|28|9|846|3|2017-09-29|11:07:31|87580.44|.03|15|1|QUETZALCOATLH LOPEZ|VIVEN|HECTOR RAMÓN SAMANIEGO BUENTELLO|BANCOMER','2017-09-29','11:11:40','',1),(579,26,15,'Gasto de Cliente agregado','','2017-09-29','11:13:48','',1),(580,1,15,'El usuario inició sesión. Nombre de usuario: diego2019','','2017-09-30','12:03:28','',1),(581,1,13,'El usuario inició sesión. Nombre de usuario: mario2017','','2017-09-30','12:04:06','',1),(582,26,15,'Gasto de Cliente agregado','','2017-09-30','12:05:08','',1),(583,26,13,'Gasto de Cliente agregado','','2017-09-30','12:07:20','',1),(584,26,15,'Gasto de Cliente agregado','','2017-09-30','12:07:36','',1),(585,26,13,'Gasto de Cliente agregado','','2017-09-30','12:08:23','',1),(586,26,15,'Gasto de Cliente agregado','','2017-09-30','12:08:31','',1),(587,26,13,'Gasto de Cliente agregado','','2017-09-30','12:09:23','',1),(588,26,15,'Gasto de Cliente agregado','','2017-09-30','12:09:45','',1),(589,26,15,'Gasto de Cliente agregado','','2017-09-30','12:10:53','',1),(590,26,15,'Gasto de Cliente agregado','','2017-09-30','12:12:20','',1),(591,26,13,'Gasto de Cliente agregado','','2017-09-30','12:12:25','',1),(592,26,15,'Gasto de Cliente agregado','','2017-09-30','12:12:56','',1),(593,28,13,'Gasto de Cliente Eliminado','306|28|4|501|4|2017-09-29|12:12:25|10200|.02|13|1|QUETZALCOATLH LOPEZ|COAR|ARTE Y DECORACION VILLARREAL, S. DE RL MI|BANORTE','2017-09-30','12:12:58','',1),(594,28,13,'Gasto de Cliente Eliminado','302|25|3|514|4|2017-09-29|12:09:23|32588.04|.02|13|1|MARCO ANTONIO RODRIGUEZ|MEGA|APLICACIONES METALICAS DE APIZACO S.A. DE C.V.|BANORTE','2017-09-30','12:13:06','',1),(595,28,13,'Gasto de Cliente Eliminado','300|28|5|847|4|2017-09-29|12:08:23|61553.71|.02|13|1|QUETZALCOATLH LOPEZ|ELIZONDO-CASTRO|SB ASESORES EN CONSTRUCCION S.A DE C.V|BANORTE','2017-09-30','12:13:16','',1),(596,28,13,'Gasto de Cliente Eliminado','298|21|4|562|4|2017-09-29|12:07:20|42922.38|.02|13|1|HUMBERTO VILLANUEVA|COAR|CENTRAL FERRETERA DEL NORTE S.A DE C.V|BANORTE','2017-09-30','12:13:22','',1),(597,26,15,'Gasto de Cliente agregado','','2017-09-30','12:13:39','',1),(598,26,15,'Gasto de Cliente agregado','','2017-09-30','12:14:10','',1),(599,26,15,'Gasto de Cliente agregado','','2017-09-30','12:14:57','',1),(600,26,13,'Gasto de Cliente agregado','','2017-09-30','12:15:11','',1),(601,27,13,'Gasto de Cliente Actualizado','311|21|4|562|4|2017-09-29|12:15:11|43746.63|.02|13|1|HUMBERTO VILLANUEVA|COAR|CENTRAL FERRETERA DEL NORTE S.A DE C.V|BANORTE','2017-09-30','12:15:48','',1),(602,26,15,'Gasto de Cliente agregado','','2017-09-30','12:16:24','',1),(603,3,0,'Datos de acceso incorrectos. Usuario: Noe y password:  Orbe 15','','2017-09-30','12:16:42','',1),(604,26,13,'Gasto de Cliente agregado','','2017-09-30','12:16:55','',1),(605,1,8,'El usuario inició sesión. Nombre de usuario: noe','','2017-09-30','12:16:59','',1),(606,26,15,'Gasto de Cliente agregado','','2017-09-30','12:17:34','',1),(607,26,13,'Gasto de Cliente agregado','','2017-09-30','12:17:49','',1),(608,26,13,'Gasto de Cliente agregado','','2017-09-30','12:18:36','',1),(609,26,15,'Gasto de Cliente agregado','','2017-09-30','12:18:43','',1),(610,26,15,'Gasto de Cliente agregado','','2017-09-30','12:19:42','',1),(611,26,13,'Gasto de Cliente agregado','','2017-09-30','12:19:45','',1),(612,26,13,'Gasto de Cliente agregado','','2017-09-30','12:21:01','',1),(613,26,13,'Gasto de Cliente agregado','','2017-09-30','12:22:10','',1),(614,26,13,'Gasto de Cliente agregado','','2017-09-30','12:22:45','',1),(615,26,13,'Gasto de Cliente agregado','','2017-09-30','12:23:33','',1),(616,27,13,'Gasto de Cliente Actualizado','323|25|3|641|4|2017-09-29|12:23:33|18618.67|.015|13|1|MARCO ANTONIO RODRIGUEZ|MEGA|JOSE AMANDO FUENTES FLORES|BANORTE','2017-09-30','12:24:13','',1),(617,26,15,'Gasto de Cliente agregado','','2017-09-30','12:26:26','',1),(618,26,13,'Gasto de Cliente agregado','','2017-09-30','12:27:24','',1),(619,26,15,'Gasto de Cliente agregado','','2017-09-30','12:27:58','',1),(620,26,13,'Gasto de Cliente agregado','','2017-09-30','12:28:01','',1),(621,26,13,'Gasto de Cliente agregado','','2017-09-30','12:28:57','',1),(622,26,15,'Gasto de Cliente agregado','','2017-09-30','12:28:58','',1),(623,26,15,'Gasto de Cliente agregado','','2017-09-30','12:29:38','',1),(624,26,13,'Gasto de Cliente agregado','','2017-09-30','12:29:43','',1),(625,26,15,'Gasto de Cliente agregado','','2017-09-30','12:30:50','',1),(626,26,13,'Gasto de Cliente agregado','','2017-09-30','12:30:52','',1),(627,26,15,'Gasto de Cliente agregado','','2017-09-30','12:31:49','',1),(628,26,13,'Gasto de Cliente agregado','','2017-09-30','12:31:57','',1),(629,1,8,'El usuario inició sesión. Nombre de usuario: noe','','2017-09-30','12:32:39','',1),(630,26,13,'Gasto de Cliente agregado','','2017-09-30','12:33:05','',1),(631,26,15,'Gasto de Cliente agregado','','2017-09-30','12:33:49','',1),(632,27,8,'Gasto de Cliente Modificado','234|18|3|745|4|2017-09-22|12:41:31|67000.00|.02|8|1|ALFONSO VALDEZ|MEGA|MARICELI MALDONADO MALDONADO|BANORTE','2017-09-30','12:34:34','',1),(633,27,8,'Gasto de Cliente Modificado','234|18|3|745|4|2017-09-22|12:41:31|67000.00|.02|8|2|ALFONSO VALDEZ|MEGA|MARICELI MALDONADO MALDONADO|BANORTE','2017-09-30','12:34:34','',1),(634,26,13,'Gasto de Cliente agregado','','2017-09-30','12:34:36','',1),(635,26,13,'Gasto de Cliente agregado','','2017-09-30','12:35:20','',1),(636,26,13,'Gasto de Cliente agregado','','2017-09-30','12:35:51','',1),(637,27,15,'Gasto de Cliente Actualizado','337|32|8|661|3|2017-09-29|12:33:49|128006.00|.02|15|1|JESUS ALBERTO VALDEZ SALINAS|AMSA|JESUS SALVADOR GIL BENAVIDES|BANCOMER','2017-09-30','12:36:07','',1),(638,2,8,'El usuario cerró sesión: Noé Zarazaua','12:16:59189.145.82.148|8|Noé Zarazaua|noe','2017-09-30','12:36:13','',1),(639,3,0,'Datos de acceso incorrectos. Usuario:  Oe y password: Orbe 15','','2017-09-30','12:36:34','',1),(640,26,13,'Gasto de Cliente agregado','','2017-09-30','12:36:46','',1),(641,1,8,'El usuario inició sesión. Nombre de usuario: noe','','2017-09-30','12:36:52','',1),(642,26,13,'Gasto de Cliente agregado','','2017-09-30','12:37:21','',1),(643,27,8,'Gasto de Cliente Modificado','278|17|4|774|4|2017-09-28|17:16:16|148650|.02|13|1|EDGAR DE LEON|COAR|JOSE RAUL MUÑOZ PEREZ|BANORTE','2017-09-30','12:37:57','',1),(644,27,8,'Gasto de Cliente Modificado','278|17|4|774|4|2017-09-28|17:16:16|148650|.02|13|2|EDGAR DE LEON|COAR|JOSE RAUL MUÑOZ PEREZ|BANORTE','2017-09-30','12:37:59','',1),(645,26,15,'Gasto de Cliente agregado','','2017-09-30','12:38:19','',1),(646,26,13,'Gasto de Cliente agregado','','2017-09-30','12:38:39','',1),(647,1,8,'El usuario inició sesión. Nombre de usuario: noe','','2017-09-30','12:38:54','',1),(648,26,15,'Gasto de Cliente agregado','','2017-09-30','12:39:13','',1),(649,26,13,'Gasto de Cliente agregado','','2017-09-30','12:39:22','',1),(650,27,15,'Gasto de Cliente Actualizado','345|22|8|922|3|2017-09-29|12:39:13|2200.00|.04|15|1|ELEAZAR MARTINEZ|AMSA|ROBERTO CARLOS ZAMORA TORRES|BANCOMER','2017-09-30','12:43:12','',1),(651,6,8,'Usuario actualizado: QUETZALCOATLH LOPEZ por: Noé Zarazaua','28|QUETZALCOATLH LOPEZ|3|QUETZA|oRBE 26||1','2017-09-30','12:43:52','',1),(652,2,8,'El usuario cerró sesión: Noé Zarazaua','12:32:39189.145.82.148|8|Noé Zarazaua|noe','2017-09-30','12:43:57','',1),(653,3,0,'Datos de acceso incorrectos. Usuario: quetza y password: oRBE 15','','2017-09-30','12:44:06','',1),(654,26,15,'Gasto de Cliente agregado','','2017-09-30','12:44:11','',1),(655,3,0,'Datos de acceso incorrectos. Usuario: quetza y password: Orbe 15','','2017-09-30','12:44:18','',1),(656,3,0,'Datos de acceso incorrectos. Usuario: QUETZA y password: orbe 15','','2017-09-30','12:44:29','',1),(657,1,8,'El usuario inició sesión. Nombre de usuario: noe','','2017-09-30','12:44:36','',1),(658,26,15,'Gasto de Cliente agregado','','2017-09-30','12:44:45','',1),(659,6,8,'Usuario actualizado: QUETZALCOATLH LOPEZ por: Noé Zarazaua','28|QUETZALCOATLH LOPEZ|3|QUETZA|Orbe 15||1','2017-09-30','12:45:09','',1),(660,2,8,'El usuario cerró sesión: Noé Zarazaua','12:44:36189.145.82.148|8|Noé Zarazaua|noe','2017-09-30','12:45:16','',1),(661,26,15,'Gasto de Cliente agregado','','2017-09-30','12:45:24','',1),(662,1,28,'El usuario inició sesión. Nombre de usuario: QUETZA','','2017-09-30','12:45:28','',1),(663,26,15,'Gasto de Cliente agregado','','2017-09-30','12:47:59','',1),(664,14,13,'Datos de facturacion agregados: SERVICIOS INDUSTRIALES FERROVIARIOS ANCIRA GARZA S.A DE C.V. RFC: SIF071031SJ4','','2017-09-30','12:49:24','',1),(665,17,13,'Cliente agregado al sistema: SERVICIOS INDUSTRIALES FERROVIARIOS ANCIRA GARZA S.A. DE C.V. agregado por: Mario Escamilla Cedillo','','2017-09-30','12:49:38','',1),(666,6,28,'Usuario actualizado: QUETZALCOATL LOPEZ por: QUETZALCOATLH LOPEZ','28|QUETZALCOATLH LOPEZ|3|QUETZA|Orbe 15||1','2017-09-30','12:49:49','',1),(667,26,13,'Gasto de Cliente agregado','','2017-09-30','12:51:24','',1),(668,26,13,'Gasto de Cliente agregado','','2017-09-30','12:52:33','',1),(669,26,13,'Gasto de Cliente agregado','','2017-09-30','12:53:18','',1),(670,26,13,'Gasto de Cliente agregado','','2017-09-30','12:54:36','',1),(671,26,13,'Gasto de Cliente agregado','','2017-09-30','12:55:20','',1),(672,27,13,'Gasto de Cliente Actualizado','355|21|4|607|4|2017-09-29|12:55:20|22710.98|.02|13|1|HUMBERTO VILLANUEVA|COAR|RICARDO DIAZ CUELLAR|BANORTE','2017-09-30','12:55:26','',1),(673,26,13,'Gasto de Cliente agregado','','2017-09-30','12:56:15','',1),(674,26,13,'Gasto de Cliente agregado','','2017-09-30','12:57:08','',1),(675,26,13,'Gasto de Cliente agregado','','2017-09-30','12:57:53','',1),(676,26,13,'Gasto de Cliente agregado','','2017-09-30','12:58:41','',1),(677,26,13,'Gasto de Cliente agregado','','2017-09-30','12:59:25','',1),(678,26,13,'Gasto de Cliente agregado','','2017-09-30','13:00:34','',1),(679,26,13,'Gasto de Cliente agregado','','2017-09-30','13:01:27','',1),(680,26,13,'Gasto de Cliente agregado','','2017-09-30','13:02:45','',1),(681,26,13,'Gasto de Cliente agregado','','2017-09-30','13:03:24','',1),(682,27,13,'Gasto de Cliente Actualizado','364|21|3|595|4|2017-09-29|13:03:24|87481|.02|13|1|HUMBERTO VILLANUEVA|MEGA|CONSTRUCTORA Y REPRESENTACIONES DEL NORTE S.A. DE C.V.|BANORTE','2017-09-30','13:03:52','',1),(683,26,13,'Gasto de Cliente agregado','','2017-09-30','13:04:23','',1),(684,26,13,'Gasto de Cliente agregado','','2017-09-30','13:05:14','',1),(685,1,15,'El usuario inició sesión. Nombre de usuario: diego2019','','2017-10-02','09:45:25','',1),(686,27,15,'Gasto de Cliente Actualizado','316|28|4|501|4|2017-09-29|12:18:36|10200|.02|13|1|QUETZALCOATL LOPEZ|COAR|ARTE Y DECORACION VILLARREAL, S. DE RL MI|BANORTE','2017-10-02','09:46:46','',1),(687,1,8,'El usuario inició sesión. Nombre de usuario: noe','','2017-10-02','09:53:55','',1),(688,1,8,'El usuario inició sesión. Nombre de usuario: noe','','2017-10-02','10:34:27','',1),(689,2,8,'El usuario cerró sesión: Noé Zarazaua','10:34:27189.248.199.15|8|Noé Zarazaua|noe','2017-10-02','10:36:19','',1),(690,1,8,'El usuario inició sesión. Nombre de usuario: noe','','2017-10-02','11:44:26','',1),(691,1,8,'El usuario inició sesión. Nombre de usuario: noe','','2017-10-02','14:56:49','',1),(692,1,8,'El usuario inició sesión. Nombre de usuario: noe','','2017-10-02','15:08:01','',1),(693,1,8,'El usuario inició sesión. Nombre de usuario: noe','','2017-10-02','17:15:24','',1),(694,1,8,'El usuario inició sesión. Nombre de usuario: noe','','2017-10-02','20:12:21','',1),(695,1,8,'El usuario inició sesión. Nombre de usuario: noe','','2017-10-03','09:38:52','',1),(696,1,15,'El usuario inició sesión. Nombre de usuario: diego2019','','2017-10-03','09:58:36','',1),(697,1,15,'El usuario inició sesión. Nombre de usuario: diego2019','','2017-10-03','14:55:00','',1),(698,26,15,'Gasto de Cliente agregado','','2017-10-03','14:56:02','',1),(699,26,15,'Gasto de Cliente agregado','','2017-10-03','14:58:04','',1),(700,26,15,'Gasto de Cliente agregado','','2017-10-03','15:02:48','',1),(701,26,15,'Gasto de Cliente agregado','','2017-10-03','15:42:02','',1),(702,26,15,'Gasto de Cliente agregado','','2017-10-03','15:44:45','',1),(703,26,15,'Gasto de Cliente agregado','','2017-10-03','15:45:27','',1),(704,27,15,'Gasto de Cliente Actualizado','372|21|5|924|4|2017-10-03|15:45:27|35500.00|.02|15|1|HUMBERTO VILLANUEVA|ELIZONDO-CASTRO|PROYECTOS SANTA FE S. DE R.L. DE C.V.|BANORTE','2017-10-03','15:45:39','',1),(705,1,15,'El usuario inició sesión. Nombre de usuario: diego2019','','2017-10-04','10:37:34','',1),(706,1,8,'El usuario inició sesión. Nombre de usuario: noe','','2017-10-04','14:03:03','',1),(707,26,15,'Gasto de Cliente agregado','','2017-10-04','15:27:42','',1),(708,26,15,'Gasto de Cliente agregado','','2017-10-04','15:28:29','',1),(709,26,15,'Gasto de Cliente agregado','','2017-10-04','15:29:26','',1),(710,26,15,'Gasto de Cliente agregado','','2017-10-04','15:30:02','',1),(711,27,15,'Gasto de Cliente Actualizado','374|20|3|816|3|2017-10-04|15:28:29|33000.00|.02|15|1|GERARDO VALDEZ|MEGA|JESUS QUINTERO GONZALEZ|BANCOMER','2017-10-04','15:30:14','',1),(712,3,0,'Datos de acceso incorrectos. Usuario: ralpuchev y password: fallo2015','','2017-10-05','00:18:54','',1),(713,3,0,'Datos de acceso incorrectos. Usuario: ralpuchev y password: fallo2015','','2017-10-05','00:18:57','',1),(714,1,6,'El usuario inició sesión. Nombre de usuario: ralpuchev','','2017-10-05','00:19:11','',1),(715,3,0,'Datos de acceso incorrectos. Usuario: nie y password: Orbe 15','','2017-10-05','10:56:29','',1),(716,1,8,'El usuario inició sesión. Nombre de usuario: noe','','2017-10-05','10:56:46','',1),(717,1,15,'El usuario inició sesión. Nombre de usuario: diego2019','','2017-10-05','14:04:50','',1),(718,26,15,'Gasto de Cliente agregado','','2017-10-05','16:30:25','',1),(719,26,15,'Gasto de Cliente agregado','','2017-10-05','16:31:02','',1),(720,26,15,'Gasto de Cliente agregado','','2017-10-05','16:32:19','',1),(721,1,13,'El usuario inició sesión. Nombre de usuario: mario2017','','2017-10-05','16:43:58','',1),(722,26,13,'Gasto de Cliente agregado','','2017-10-05','16:45:23','',1),(723,26,13,'Gasto de Cliente agregado','','2017-10-05','16:46:33','',1),(724,26,13,'Gasto de Cliente agregado','','2017-10-05','16:47:27','',1),(725,26,15,'Gasto de Cliente agregado','','2017-10-05','16:49:05','',1),(726,26,13,'Gasto de Cliente agregado','','2017-10-05','16:49:37','',1),(727,26,15,'Gasto de Cliente agregado','','2017-10-05','16:49:46','',1),(728,26,15,'Gasto de Cliente agregado','','2017-10-05','16:50:23','',1),(729,26,15,'Gasto de Cliente agregado','','2017-10-05','16:51:26','',1),(730,26,15,'Gasto de Cliente agregado','','2017-10-05','16:52:31','',1),(731,26,15,'Gasto de Cliente agregado','','2017-10-05','16:52:58','',1),(732,26,15,'Gasto de Cliente agregado','','2017-10-05','16:53:38','',1),(733,14,13,'Datos de facturacion agregados: EL PALENQUE RESTAURANT S.A. DE C.V. RFC: PRE9704238U8','','2017-10-05','16:54:04','',1),(734,26,15,'Gasto de Cliente agregado','','2017-10-05','16:54:07','',1),(735,26,15,'Gasto de Cliente agregado','','2017-10-05','16:54:42','',1),(736,26,15,'Gasto de Cliente agregado','','2017-10-05','16:55:11','',1),(737,26,15,'Gasto de Cliente agregado','','2017-10-05','16:55:52','',1),(738,26,15,'Gasto de Cliente agregado','','2017-10-05','16:56:44','',1),(739,26,15,'Gasto de Cliente agregado','','2017-10-05','16:57:17','',1),(740,26,15,'Gasto de Cliente agregado','','2017-10-05','16:57:48','',1),(741,15,13,'Datos de facturacion actualizados: EL PALENQUE RESTAURANT S.A. DE C.V. RFC: PRE9704238U8','1393|EL PALENQUE RESTAURANT S.A. DE C.V.|PRE9704238U8|HUEMAC|1124|||ANAHUAC|MONCLOVA|MONCLOVA|COAHUILA|MEXICO|25750|||||1','2017-10-05','16:57:49','',1),(742,15,13,'Datos de facturacion actualizados: EL PALENQUE RESTAURANT S.A. DE C.V. RFC: PRE9704238U8','1393|EL PALENQUE RESTAURANT S.A. DE C.V.|PRE9704238U8|HUEMAC|1124|||ANAHUAC|MONCLOVA|MONCLOVA|COAHUILA|MEXICO|25750|||||1','2017-10-05','16:59:54','',1),(743,17,13,'Cliente agregado al sistema: EL PALENQUE agregado por: Mario Escamilla Cedillo','','2017-10-05','17:00:08','',1),(744,15,13,'Datos de facturacion actualizados: EL PALENQUE RESTAURANT S.A. DE C.V. RFC: PRE9704238U8','1393|EL PALENQUE RESTAURANT S.A. DE C.V.|PRE9704238U8|HUEMAC|1124|||ANAHUAC|MONCLOVA|MONCLOVA|COAHUILA|MEXICO|25750|||||1','2017-10-05','17:02:01','',1),(745,26,13,'Gasto de Cliente agregado','','2017-10-05','17:03:28','',1),(746,14,13,'Datos de facturacion agregados: AUTO SERVICIO COAHUILA S.A DE C.V. RFC: ASC920413FD5','','2017-10-05','17:06:36','',1),(747,17,13,'Cliente agregado al sistema: AUTO SERVICIO COAHUILA agregado por: Mario Escamilla Cedillo','','2017-10-05','17:07:00','',1),(748,18,13,'Cliente actualizado: AUTO SERVICIO COAHUILA S.A. DE C.V. por: Mario Escamilla Cedillo','928|AUTO SERVICIO COAHUILA|1394','2017-10-05','17:07:12','',1),(749,26,13,'Gasto de Cliente agregado','','2017-10-05','17:07:53','',1),(750,1,15,'El usuario inició sesión. Nombre de usuario: diego2019','','2017-10-06','09:06:36','',1),(751,1,8,'El usuario inició sesión. Nombre de usuario: noe','','2017-10-07','13:39:24','',1),(752,2,8,'El usuario cerró sesión: Noé Zarazaua','13:39:24189.156.188.218|8|Noé Zarazaua|noe','2017-10-07','13:45:16','',1),(753,23,2,'Gasto Interno agregado: Despensa','','2017-10-08','17:43:16','',1),(754,2,2,'El usuario cerró sesión: ','09:46:33::1|2|Rafa Alpuche|ralpuchev','2017-10-08','17:43:27','',1),(755,1,6,'El usuario inició sesión. Nombre de usuario: ralpuchev','','2017-10-08','17:43:33','',1),(756,23,6,'Gasto Interno agregado: Jabón para Lavar','','2017-10-08','17:43:53','',1),(757,2,6,'El usuario cerró sesión: Rafa Alpuche','17:43:33::1|6|Rafa Alpuche|ralpuchev|','2017-10-08','22:54:11','',1),(758,3,0,'Datos de acceso incorrectos. Usuario: ralpuchev y password: lionheart','','2017-10-08','22:54:19','',1),(759,3,0,'Datos de acceso incorrectos. Usuario: ralpuchev y password: lionheart','','2017-10-08','22:54:30','',1),(760,3,0,'Datos de acceso incorrectos. Usuario: ralpuchev y password: lionheart','','2017-10-08','22:55:37','',1),(761,3,0,'Datos de acceso incorrectos. Usuario: ralpuchev y password: lionheart','','2017-10-08','22:57:00','',1),(762,3,0,'Datos de acceso incorrectos. Usuario: ralpuchev y password: fallo2015','','2017-10-08','22:57:05','',1),(763,3,0,'Datos de acceso incorrectos. Usuario: ralpuchev y password: lionheart','','2017-10-08','22:57:23','',1),(764,3,0,'Datos de acceso incorrectos. Usuario: ralpuchev y password: lionheart','','2017-10-08','22:57:35','',1),(765,3,0,'Datos de acceso incorrectos. Usuario: ralpuchev y password: fallo2015','','2017-10-08','22:58:57','',1),(766,3,0,'Datos de acceso incorrectos. Usuario: ralpuchev y password: fallo2015','','2017-10-08','22:58:59','',1),(767,3,0,'Datos de acceso incorrectos. Usuario: ralpuchev y password: fallo2015','','2017-10-08','22:59:06','',1),(768,3,0,'Datos de acceso incorrectos. Usuario: ralpuchev y password: lionheart','','2017-10-08','22:59:12','',1),(769,1,6,'El usuario inició sesión. Nombre de usuario: ralpuchev','','2017-10-08','22:59:29','',1),(770,6,6,'Usuario actualizado: JORGE VALDEZ PEÑA por: Rafa Alpuche','9|JORGE VALDEZ PEÑA|2|jorge2015|Facturacion2017|facturacion@orbesolutions.mx|1|','2017-10-08','23:01:59','',1),(771,2,6,'El usuario cerró sesión: Rafa Alpuche','22:59:29::1|6|Rafa Alpuche|ralpuchev|1','2017-10-08','23:02:06','',1),(772,1,9,'El usuario inició sesión. Nombre de usuario: jorge2015','','2017-10-08','23:02:15','',1),(773,2,9,'El usuario cerró sesión: JORGE VALDEZ PEÑA','23:02:15::1|9|JORGE VALDEZ PEÑA|jorge2015|2','2017-10-08','23:07:29','',1),(774,1,6,'El usuario inició sesión. Nombre de usuario: ralpuchev','','2017-10-08','23:07:36','',1),(775,6,6,'Usuario actualizado: EDGAR DE LEON por: Rafa Alpuche','17|EDGAR DE LEON|3|EDGAR|oRBE 15||1|','2017-10-08','23:08:36','',1),(776,2,6,'El usuario cerró sesión: Rafa Alpuche','23:07:36::1|6|Rafa Alpuche|ralpuchev|1','2017-10-08','23:08:39','',1),(777,3,0,'Datos de acceso incorrectos. Usuario: EDGAR y password: 12345','','2017-10-08','23:08:43','',1),(778,1,17,'El usuario inició sesión. Nombre de usuario: EDGAR','','2017-10-08','23:08:51','',1),(779,2,17,'El usuario cerró sesión: EDGAR DE LEON','23:08:51::1|17|EDGAR DE LEON|EDGAR|3','2017-10-08','23:19:18','',1),(780,1,6,'El usuario inició sesión. Nombre de usuario: ralpuchev','','2017-10-08','23:19:20','',1),(781,6,6,'Usuario actualizado: ALAN MARES por: Rafa Alpuche','19|ALAN MARES|3|ALAN|oRBE 17||1|','2017-10-08','23:19:43','',1),(782,2,6,'El usuario cerró sesión: Rafa Alpuche','23:19:20::1|6|Rafa Alpuche|ralpuchev|1','2017-10-08','23:19:47','',1),(783,1,19,'El usuario inició sesión. Nombre de usuario: ALAN','','2017-10-08','23:19:53','',1),(784,2,19,'El usuario cerró sesión: ALAN MARES','23:19:53::1|19|ALAN MARES|ALAN|4','2017-10-08','23:22:11','',1),(785,1,6,'El usuario inició sesión. Nombre de usuario: ralpuchev','','2017-10-08','23:22:13','',1),(786,5,6,'Usuario agregado al sistema: 502 agregado por: Rafa Alpuche','','2017-10-08','23:22:51','',1),(787,2,6,'El usuario cerró sesión: Rafa Alpuche','23:22:13::1|6|Rafa Alpuche|ralpuchev|1','2017-10-08','23:22:58','',1),(788,3,0,'Datos de acceso incorrectos. Usuario: autoexpress y password: 123456','','2017-10-08','23:23:04','',1),(789,3,0,'Datos de acceso incorrectos. Usuario: autoexpress y password: 123456','','2017-10-08','23:23:19','',1),(790,1,34,'El usuario inició sesión. Nombre de usuario: autoexpress','','2017-10-08','23:25:06','',1),(791,1,6,'El usuario inició sesión. Nombre de usuario: ralpuchev','','2017-10-08','23:35:35','',1),(792,26,6,'Gasto de Cliente agregado','','2017-10-08','23:36:14','',1),(793,2,34,'El usuario cerró sesión: 502','23:25:06::1|34|502|autoexpress|5','2017-10-08','23:37:29','',1),(794,1,6,'El usuario inició sesión. Nombre de usuario: ralpuchev','','2017-10-08','23:37:58','',1),(795,26,6,'Gasto de Cliente agregado','','2017-10-08','23:42:42','',1),(796,27,6,'Gasto de Cliente Actualizado','367|18|6|777|3|2017-10-03|14:56:02|28480.00|.02|15|1|ALFONSO VALDEZ|ARCE|NEXUS INDUSTRIAS S.A. DE C.V.|BANCOMER','2017-10-08','23:43:07','',1),(797,26,6,'Gasto de Cliente agregado','','2017-10-08','23:43:38','',1),(798,24,6,'Gasto Interno modificado: Jabón para Lavar Ropa','4|Jabón para Lavar|2017-10-08|17:43:00|200|6|1','2017-10-08','23:45:21','',1),(799,23,6,'Gasto Interno agregado: Internet','','2017-10-08','23:45:33','',1),(800,2,6,'El usuario cerró sesión: Rafa Alpuche','23:37:58::1|6|Rafa Alpuche|ralpuchev|1','2017-10-09','00:16:00','',1),(801,3,0,'Datos de acceso incorrectos. Usuario: ralpuchev y password: lionheart','','2017-11-11','14:24:26','',1),(802,1,6,'El usuario inició sesión. Nombre de usuario: ralpuchev','','2017-11-11','14:24:32','',1),(803,1,6,'El usuario inició sesión. Nombre de usuario: ralpuchev','','2017-11-12','11:15:40','',1),(804,12,6,'Empresa actualizada: MEGA por: Rafa Alpuche','3|MEGA|1','2017-11-12','16:00:18','',1),(805,3,0,'Datos de acceso incorrectos. Usuario: ralpuchev y password: lionheart','','2017-11-15','02:18:12','',1),(806,1,6,'El usuario inició sesión. Nombre de usuario: ralpuchev','','2017-11-15','02:18:18','',1),(807,1,6,'El usuario inició sesión. Nombre de usuario: ralpuchev','','2017-11-15','22:17:51','',1),(808,1,6,'El usuario inició sesión. Nombre de usuario: ralpuchev','','2017-11-19','11:04:11','',1),(809,1,6,'El usuario inició sesión. Nombre de usuario: ralpuchev','','2017-11-19','11:52:36','',1),(810,1,6,'El usuario inició sesión. Nombre de usuario: ralpuchev','','2017-11-20','10:36:31','',1),(811,29,6,'Concepto de facturación agregado: Lata de pescado','','2017-11-20','13:49:23','',1),(812,29,6,'Concepto de facturación agregado: Lata de pescado','','2017-11-20','13:58:37','',1),(813,29,6,'Concepto de facturación agregado: Pollo Asado','','2017-11-21','00:50:35','',1),(814,30,6,'Concepto de facturación modificado: Lata de pescado','2|50121500|H87|Lata de pescado|18.5999|3|0|1|Pieza|Pescado','2017-11-21','01:01:49','',1),(815,1,6,'El usuario inició sesión. Nombre de usuario: ralpuchev','','2017-11-25','01:29:31','',1),(816,29,6,'Concepto de facturación agregado: Lata de pescado','','2017-11-25','01:58:49','',1),(817,29,6,'Concepto de facturación agregado: Pollo Asado al Carbón','','2017-11-25','02:09:03','',1),(818,30,6,'Concepto de facturación modificado: Pollo Asado','3|50111515|H87|Pollo Asado|56.90|1|0|1|Pieza|Pollo, mínimamente procesado sin aditivos','2017-11-25','17:26:41','',1),(819,29,6,'Concepto de facturación agregado: Pollo Asado','','2017-11-25','22:34:38','',1),(820,30,6,'Concepto de facturación modificado: Pollo Asado','6|50111515|H87|Pollo Asado|56.90|1|0|1|Pieza|Pollo, mínimamente procesado sin aditivos','2017-11-25','22:56:56','',1),(821,30,6,'Concepto de facturación modificado: Pollo Asado al Carbón','6|50111515|H87|Pollo Asado|56.90|1|10|1|Pieza|Pollo, mínimamente procesado sin aditivos','2017-11-25','23:33:29','',1),(822,30,6,'Concepto de facturación modificado: Pollo Asado al Carbón','6|50111515|H87|Pollo Asado al Carbón|56.90|1|10|1|Pieza|Pollo, mínimamente procesado sin aditivos','2017-11-25','23:35:07','',1),(823,30,6,'Concepto de facturación modificado: Pollo Asado al Carbón con salsa y tortillas','6|50111515|H87|Pollo Asado al Carbón|56.90|1|10|1|Pieza|Pollo, mínimamente procesado sin aditivos','2017-11-25','23:35:27','',1),(824,30,6,'Concepto de facturación modificado: Pollo Asado al Carbón con salsa y tortillas','6|50111515|H87|Pollo Asado al Carbón con salsa y tortillas|56.90|1|10|1|Pieza|Pollo, mínimamente procesado sin aditivos','2017-11-25','23:45:29','',1),(825,29,6,'Concepto de facturación agregado: Lata de pescado','','2017-11-26','00:37:09','',1),(826,30,6,'Concepto de facturación modificado: Lata de pescado','7|50121500|H87|Lata de pescado|18.5999|3|10|1|Pieza|Pescado','2017-11-26','00:37:25','',1),(827,31,6,'Concepto de Facturación de Gasto eliminado','6|50111515|H87|Pollo Asado al Carbón con salsa y tortillas|56.90|1|0|18|Pieza|Pollo, mínimamente procesado sin aditivos','2017-11-26','00:49:17','',1),(828,29,6,'Concepto de facturación agregado: Pollo Asado','','2017-11-26','00:49:54','',1),(829,1,6,'El usuario inició sesión. Nombre de usuario: ralpuchev','','2017-11-29','01:46:02','',1),(830,14,6,'Datos de facturacion agregados: OCTAVIO JOSE MAY MERINO RFC: MAMX651113MP2','','2017-11-29','02:14:28','',1),(831,1,6,'El usuario inició sesión. Nombre de usuario: ralpuchev','','2017-11-29','02:17:57','',1),(832,11,6,'Empresa agregada al sistema: Hospital May agregado por: Rafa Alpuche','','2017-11-29','02:21:00','',1),(833,12,6,'Empresa actualizada: Hospital May por: Rafa Alpuche','22|Hospital May|1|1395|00001000000306997313|2019-05-05 00:00:00|MIIEYjCCA0qgAwIBAgIUMDAwMDEwMDAwMDAzMDY5OTczMTMwDQYJKoZIhvcNAQEFBQAwggGKMTgwNgYDVQQDDC9BLkMuIGRlbCBTZXJ2aWNpbyBkZSBBZG1pbmlzdHJhY2nDs24gVHJpYnV0YXJpYTEvMC0GA1UECgwmU2VydmljaW8gZGUgQWRtaW5pc3RyYWNpw7NuIFRyaWJ1dGFyaWExODA2BgNVBAsML0FkbWluaXN0cmFjacOzbiBkZSBTZWd1cmlkYWQgZGUgbGEgSW5mb3JtYWNpw7NuMR8wHQYJKoZIhvcNAQkBFhBhY29kc0BzYXQuZ29iLm14MSYwJAYDVQQJDB1Bdi4gSGlkYWxnbyA3NywgQ29sLiBHdWVycmVybzEOMAwGA1UEEQwFMDYzMDAxCzAJBgNVBAYTAk1YMRkwFwYDVQQIDBBEaXN0cml0byBGZWRlcmFsMRQwEgYDVQQHDAtDdWF1aHTDqW1vYzEVMBMGA1UELRMMU0FUOTcwNzAxTk4zMTUwMwYJKoZIhvcNAQkCDCZSZXNwb25zYWJsZTogQ2xhdWRpYSBDb3ZhcnJ1YmlhcyBPY2hvYTAeFw0xNTA1MDYxNzA2NDhaFw0xOTA1MDYxNzA2NDhaMIGuMSAwHgYDVQQDExdPQ1RBVklPIEpPU0UgTUFZIE1FUklOTzEgMB4GA1UEKRMXT0NUQVZJTyBKT1NFIE1BWSBNRVJJTk8xIDAeBgNVBAoTF09DVEFWSU8gSk9TRSBNQVkgTUVSSU5PMRYwFAYDVQQtEw1NQU1YNjUxMTEzTVAyMRswGQYDVQQFExJNWE1PNjUxMTEzSFZaWVJDMDExETAPBgNVBAsTCEhvc3BpdGFsMIGfMA0GCSqGSIb3DQEBAQUAA4GNADCBiQKBgQCFx0Sgj1Hovhy3wTzu 5hX1SI2rm6nAvmn0YSvPZL4LOrPyWlvWuZ55AvapFwD8lYo3oFsZnVFVfKRFUgggxuQ0iKGD f5fk 5n/CBQPSbGq26736oUiO BeEqhhGOt3i3h6HujCBH6Baj9SRVnLgfVkgL6FkAlSVBT5v3xlPQlQIDAQABox0wGzAMBgNVHRMBAf8EAjAAMAsGA1UdDwQEAwIGwDANBgkqhkiG9w0BAQUFAAOCAQEAFjlhtpC4fyiXvUqw7IAHreyJRyTQzXtKkTrTOaNdGoIkGQWCOCXjM7G00HLu6buWx1P17cW8ZDnoRHdNglJQWcowCjBIBeamv1b7k6Mkum1dplX0bjSHeW0YbW9khzDFwM0LJZ SJRBJXRsxWVE1nezFmbMOQszORsXUKn1mlFOhc3ekpAo4SGbA2cGehNbXk5/iiMlBgR75wMxP1OAMTsj8B7c85xgu6j0QG2Uc5kDmuzKVN3IDHB1NjxH59H99g4wmCu/ClvGJHyzOi3eiA1mJ9PUF9NkGGZWOsMB9WWd4zRkp3 y6VQJLUOBTy2O6U5GibPTHrifwa6h25NKEIA==','2017-11-29','02:26:03','',1),(834,12,6,'Empresa actualizada: Hospital May por: Rafa Alpuche','22|Hospital May|1|1395|00001000000306997312|2019-05-05 00:00:00|MIIEYjCCA0qgAwIBAgIUMDAwMDEwMDAwMDAzMDY5OTczMTMwDQYJKoZIhvcNAQEFBQAwggGKMTgwNgYDVQQDDC9BLkMuIGRlbCBTZXJ2aWNpbyBkZSBBZG1pbmlzdHJhY2nDs24gVHJpYnV0YXJpYTEvMC0GA1UECgwmU2VydmljaW8gZGUgQWRtaW5pc3RyYWNpw7NuIFRyaWJ1dGFyaWExODA2BgNVBAsML0FkbWluaXN0cmFjacOzbiBkZSBTZWd1cmlkYWQgZGUgbGEgSW5mb3JtYWNpw7NuMR8wHQYJKoZIhvcNAQkBFhBhY29kc0BzYXQuZ29iLm14MSYwJAYDVQQJDB1Bdi4gSGlkYWxnbyA3NywgQ29sLiBHdWVycmVybzEOMAwGA1UEEQwFMDYzMDAxCzAJBgNVBAYTAk1YMRkwFwYDVQQIDBBEaXN0cml0byBGZWRlcmFsMRQwEgYDVQQHDAtDdWF1aHTDqW1vYzEVMBMGA1UELRMMU0FUOTcwNzAxTk4zMTUwMwYJKoZIhvcNAQkCDCZSZXNwb25zYWJsZTogQ2xhdWRpYSBDb3ZhcnJ1YmlhcyBPY2hvYTAeFw0xNTA1MDYxNzA2NDhaFw0xOTA1MDYxNzA2NDhaMIGuMSAwHgYDVQQDExdPQ1RBVklPIEpPU0UgTUFZIE1FUklOTzEgMB4GA1UEKRMXT0NUQVZJTyBKT1NFIE1BWSBNRVJJTk8xIDAeBgNVBAoTF09DVEFWSU8gSk9TRSBNQVkgTUVSSU5PMRYwFAYDVQQtEw1NQU1YNjUxMTEzTVAyMRswGQYDVQQFExJNWE1PNjUxMTEzSFZaWVJDMDExETAPBgNVBAsTCEhvc3BpdGFsMIGfMA0GCSqGSIb3DQEBAQUAA4GNADCBiQKBgQCFx0Sgj1Hovhy3wTzu 5hX1SI2rm6nAvmn0YSvPZL4LOrPyWlvWuZ55AvapFwD8lYo3oFsZnVFVfKRFUgggxuQ0iKGD f5fk 5n/CBQPSbGq26736oUiO BeEqhhGOt3i3h6HujCBH6Baj9SRVnLgfVkgL6FkAlSVBT5v3xlPQlQIDAQABox0wGzAMBgNVHRMBAf8EAjAAMAsGA1UdDwQEAwIGwDANBgkqhkiG9w0BAQUFAAOCAQEAFjlhtpC4fyiXvUqw7IAHreyJRyTQzXtKkTrTOaNdGoIkGQWCOCXjM7G00HLu6buWx1P17cW8ZDnoRHdNglJQWcowCjBIBeamv1b7k6Mkum1dplX0bjSHeW0YbW9khzDFwM0LJZ SJRBJXRsxWVE1nezFmbMOQszORsXUKn1mlFOhc3ekpAo4SGbA2cGehNbXk5/iiMlBgR75wMxP1OAMTsj8B7c85xgu6j0QG2Uc5kDmuzKVN3IDHB1NjxH59H99g4wmCu/ClvGJHyzOi3eiA1mJ9PUF9NkGGZWOsMB9WWd4zRkp3 y6VQJLUOBTy2O6U5GibPTHrifwa6h25NKEIA==','2017-11-29','02:26:12','',1),(835,12,6,'Empresa actualizada: Hospital May por: Rafa Alpuche','22|Hospital May|1|1395|00001000000306997313|2019-05-05 00:00:00|MIIEYjCCA0qgAwIBAgIUMDAwMDEwMDAwMDAzMDY5OTczMTMwDQYJKoZIhvcNAQEFBQAwggGKMTgwNgYDVQQDDC9BLkMuIGRlbCBTZXJ2aWNpbyBkZSBBZG1pbmlzdHJhY2nDs24gVHJpYnV0YXJpYTEvMC0GA1UECgwmU2VydmljaW8gZGUgQWRtaW5pc3RyYWNpw7NuIFRyaWJ1dGFyaWExODA2BgNVBAsML0FkbWluaXN0cmFjacOzbiBkZSBTZWd1cmlkYWQgZGUgbGEgSW5mb3JtYWNpw7NuMR8wHQYJKoZIhvcNAQkBFhBhY29kc0BzYXQuZ29iLm14MSYwJAYDVQQJDB1Bdi4gSGlkYWxnbyA3NywgQ29sLiBHdWVycmVybzEOMAwGA1UEEQwFMDYzMDAxCzAJBgNVBAYTAk1YMRkwFwYDVQQIDBBEaXN0cml0byBGZWRlcmFsMRQwEgYDVQQHDAtDdWF1aHTDqW1vYzEVMBMGA1UELRMMU0FUOTcwNzAxTk4zMTUwMwYJKoZIhvcNAQkCDCZSZXNwb25zYWJsZTogQ2xhdWRpYSBDb3ZhcnJ1YmlhcyBPY2hvYTAeFw0xNTA1MDYxNzA2NDhaFw0xOTA1MDYxNzA2NDhaMIGuMSAwHgYDVQQDExdPQ1RBVklPIEpPU0UgTUFZIE1FUklOTzEgMB4GA1UEKRMXT0NUQVZJTyBKT1NFIE1BWSBNRVJJTk8xIDAeBgNVBAoTF09DVEFWSU8gSk9TRSBNQVkgTUVSSU5PMRYwFAYDVQQtEw1NQU1YNjUxMTEzTVAyMRswGQYDVQQFExJNWE1PNjUxMTEzSFZaWVJDMDExETAPBgNVBAsTCEhvc3BpdGFsMIGfMA0GCSqGSIb3DQEBAQUAA4GNADCBiQKBgQCFx0Sgj1Hovhy3wTzu 5hX1SI2rm6nAvmn0YSvPZL4LOrPyWlvWuZ55AvapFwD8lYo3oFsZnVFVfKRFUgggxuQ0iKGD f5fk 5n/CBQPSbGq26736oUiO BeEqhhGOt3i3h6HujCBH6Baj9SRVnLgfVkgL6FkAlSVBT5v3xlPQlQIDAQABox0wGzAMBgNVHRMBAf8EAjAAMAsGA1UdDwQEAwIGwDANBgkqhkiG9w0BAQUFAAOCAQEAFjlhtpC4fyiXvUqw7IAHreyJRyTQzXtKkTrTOaNdGoIkGQWCOCXjM7G00HLu6buWx1P17cW8ZDnoRHdNglJQWcowCjBIBeamv1b7k6Mkum1dplX0bjSHeW0YbW9khzDFwM0LJZ SJRBJXRsxWVE1nezFmbMOQszORsXUKn1mlFOhc3ekpAo4SGbA2cGehNbXk5/iiMlBgR75wMxP1OAMTsj8B7c85xgu6j0QG2Uc5kDmuzKVN3IDHB1NjxH59H99g4wmCu/ClvGJHyzOi3eiA1mJ9PUF9NkGGZWOsMB9WWd4zRkp3 y6VQJLUOBTy2O6U5GibPTHrifwa6h25NKEIA==','2017-11-29','02:47:53','',1),(836,1,6,'El usuario inició sesión. Nombre de usuario: ralpuchev','','2017-11-30','23:59:37','',1),(837,15,6,'Datos de facturacion actualizados: OCTAVIO JOSE MAY MERINO RFC: MAMX651113MP2','1395|OCTAVIO JOSE MAY MERINO|MAMX651113MP2|AV. I. ZARAGOZA|1009|||CENTRO|COATZACOALCOS|COATZACOALCOS|VERACRUZ|MEXICO|96400|||||1','2017-12-01','00:39:06','',1),(838,15,6,'Datos de facturacion actualizados: OCTAVIO JOSE MAY MERINO RFC: MAMX651113MP2','1395|OCTAVIO JOSE MAY MERINO|MAMX651113MP2|AV. I. ZARAGOZA|1009|||CENTRO|COATZACOALCOS|COATZACOALCOS|VERACRUZ|MEXICO|96400|||||1|612|Personas Físicas con Actividades Empresariales y Profesionales','2017-12-01','00:48:33','',1),(839,15,6,'Datos de facturacion actualizados: OCTAVIO JOSE MAY MERINO RFC: MAMX651113MP2','1395|OCTAVIO JOSE MAY MERINO|MAMX651113MP2|AV. I. ZARAGOZA|1009|||CENTRO|COATZACOALCOS|COATZACOALCOS|VERACRUZ|MEXICO|96400|||||1|601|General de Ley Personas Morales','2017-12-01','00:48:45','',1),(840,15,6,'Datos de facturacion actualizados: ACEROFRON S.A. DE C.V. RFC: ACE110219151','966|ACEROFRON S.A. DE C.V.|ACE110219151|OAXACA|1116|||OCCIDENTAL|FRONTERA|FRONTERA|COAHUILA|MEXICO|25640|||||1||No encontrado','2017-12-01','01:18:58','',1),(841,26,6,'Gasto de Cliente agregado','','2017-12-01','01:19:33','',1),(842,29,6,'Concepto de facturación agregado: Kit para servicios médicos de urgencia','','2017-12-01','01:22:25','',1),(843,29,6,'Concepto de facturación agregado: Kit para servicios médicos de urgencia','','2017-12-01','01:22:55','',1),(844,27,6,'Gasto de Cliente Actualizado','403|17|22|500|3|2017-12-01|01:19:33|55000|0.2|6|1|EDGAR DE LEON|Hospital May|ACEROFRON S.A. DE C.V.|BANCOMER','2017-12-01','01:23:19','',1),(845,12,6,'Empresa actualizada: Hospital May por: Rafa Alpuche','22|Hospital May|1|1395|00001000000306997315|2019-05-05 00:00:00|MIIEYjCCA0qgAwIBAgIUMDAwMDEwMDAwMDAzMDY5OTczMTMwDQYJKoZIhvcNAQEFBQAwggGKMTgwNgYDVQQDDC9BLkMuIGRlbCBTZXJ2aWNpbyBkZSBBZG1pbmlzdHJhY2nDs24gVHJpYnV0YXJpYTEvMC0GA1UECgwmU2VydmljaW8gZGUgQWRtaW5pc3RyYWNpw7NuIFRyaWJ1dGFyaWExODA2BgNVBAsML0FkbWluaXN0cmFjacOzbiBkZSBTZWd1cmlkYWQgZGUgbGEgSW5mb3JtYWNpw7NuMR8wHQYJKoZIhvcNAQkBFhBhY29kc0BzYXQuZ29iLm14MSYwJAYDVQQJDB1Bdi4gSGlkYWxnbyA3NywgQ29sLiBHdWVycmVybzEOMAwGA1UEEQwFMDYzMDAxCzAJBgNVBAYTAk1YMRkwFwYDVQQIDBBEaXN0cml0byBGZWRlcmFsMRQwEgYDVQQHDAtDdWF1aHTDqW1vYzEVMBMGA1UELRMMU0FUOTcwNzAxTk4zMTUwMwYJKoZIhvcNAQkCDCZSZXNwb25zYWJsZTogQ2xhdWRpYSBDb3ZhcnJ1YmlhcyBPY2hvYTAeFw0xNTA1MDYxNzA2NDhaFw0xOTA1MDYxNzA2NDhaMIGuMSAwHgYDVQQDExdPQ1RBVklPIEpPU0UgTUFZIE1FUklOTzEgMB4GA1UEKRMXT0NUQVZJTyBKT1NFIE1BWSBNRVJJTk8xIDAeBgNVBAoTF09DVEFWSU8gSk9TRSBNQVkgTUVSSU5PMRYwFAYDVQQtEw1NQU1YNjUxMTEzTVAyMRswGQYDVQQFExJNWE1PNjUxMTEzSFZaWVJDMDExETAPBgNVBAsTCEhvc3BpdGFsMIGfMA0GCSqGSIb3DQEBAQUAA4GNADCBiQKBgQCFx0Sgj1Hovhy3wTzu 5hX1SI2rm6nAvmn0YSvPZL4LOrPyWlvWuZ55AvapFwD8lYo3oFsZnVFVfKRFUgggxuQ0iKGD f5fk 5n/CBQPSbGq26736oUiO BeEqhhGOt3i3h6HujCBH6Baj9SRVnLgfVkgL6FkAlSVBT5v3xlPQlQIDAQABox0wGzAMBgNVHRMBAf8EAjAAMAsGA1UdDwQEAwIGwDANBgkqhkiG9w0BAQUFAAOCAQEAFjlhtpC4fyiXvUqw7IAHreyJRyTQzXtKkTrTOaNdGoIkGQWCOCXjM7G00HLu6buWx1P17cW8ZDnoRHdNglJQWcowCjBIBeamv1b7k6Mkum1dplX0bjSHeW0YbW9khzDFwM0LJZ SJRBJXRsxWVE1nezFmbMOQszORsXUKn1mlFOhc3ekpAo4SGbA2cGehNbXk5/iiMlBgR75wMxP1OAMTsj8B7c85xgu6j0QG2Uc5kDmuzKVN3IDHB1NjxH59H99g4wmCu/ClvGJHyzOi3eiA1mJ9PUF9NkGGZWOsMB9WWd4zRkp3 y6VQJLUOBTy2O6U5GibPTHrifwa6h25NKEIA==','2017-12-01','02:31:00','',1),(846,1,6,'El usuario inició sesión. Nombre de usuario: ralpuchev','','2017-12-03','10:41:38','',1),(847,1,6,'El usuario inició sesión. Nombre de usuario: ralpuchev','','2017-12-03','22:05:20','',1),(848,1,6,'El usuario inició sesión. Nombre de usuario: ralpuchev','','2017-12-04','22:39:17','',1),(849,12,6,'Empresa actualizada: Hospital May por: Rafa Alpuche','22|Hospital May|1|1395|00001000000306997313|2019-05-05 00:00:00|MIIEYjCCA0qgAwIBAgIUMDAwMDEwMDAwMDAzMDY5OTczMTMwDQYJKoZIhvcNAQEFBQAwggGKMTgwNgYDVQQDDC9BLkMuIGRlbCBTZXJ2aWNpbyBkZSBBZG1pbmlzdHJhY2nDs24gVHJpYnV0YXJpYTEvMC0GA1UECgwmU2VydmljaW8gZGUgQWRtaW5pc3RyYWNpw7NuIFRyaWJ1dGFyaWExODA2BgNVBAsML0FkbWluaXN0cmFjacOzbiBkZSBTZWd1cmlkYWQgZGUgbGEgSW5mb3JtYWNpw7NuMR8wHQYJKoZIhvcNAQkBFhBhY29kc0BzYXQuZ29iLm14MSYwJAYDVQQJDB1Bdi4gSGlkYWxnbyA3NywgQ29sLiBHdWVycmVybzEOMAwGA1UEEQwFMDYzMDAxCzAJBgNVBAYTAk1YMRkwFwYDVQQIDBBEaXN0cml0byBGZWRlcmFsMRQwEgYDVQQHDAtDdWF1aHTDqW1vYzEVMBMGA1UELRMMU0FUOTcwNzAxTk4zMTUwMwYJKoZIhvcNAQkCDCZSZXNwb25zYWJsZTogQ2xhdWRpYSBDb3ZhcnJ1YmlhcyBPY2hvYTAeFw0xNTA1MDYxNzA2NDhaFw0xOTA1MDYxNzA2NDhaMIGuMSAwHgYDVQQDExdPQ1RBVklPIEpPU0UgTUFZIE1FUklOTzEgMB4GA1UEKRMXT0NUQVZJTyBKT1NFIE1BWSBNRVJJTk8xIDAeBgNVBAoTF09DVEFWSU8gSk9TRSBNQVkgTUVSSU5PMRYwFAYDVQQtEw1NQU1YNjUxMTEzTVAyMRswGQYDVQQFExJNWE1PNjUxMTEzSFZaWVJDMDExETAPBgNVBAsTCEhvc3BpdGFsMIGfMA0GCSqGSIb3DQEBAQUAA4GNADCBiQKBgQCFx0Sgj1Hovhy3wTzu 5hX1SI2rm6nAvmn0YSvPZL4LOrPyWlvWuZ55AvapFwD8lYo3oFsZnVFVfKRFUgggxuQ0iKGD f5fk 5n/CBQPSbGq26736oUiO BeEqhhGOt3i3h6HujCBH6Baj9SRVnLgfVkgL6FkAlSVBT5v3xlPQlQIDAQABox0wGzAMBgNVHRMBAf8EAjAAMAsGA1UdDwQEAwIGwDANBgkqhkiG9w0BAQUFAAOCAQEAFjlhtpC4fyiXvUqw7IAHreyJRyTQzXtKkTrTOaNdGoIkGQWCOCXjM7G00HLu6buWx1P17cW8ZDnoRHdNglJQWcowCjBIBeamv1b7k6Mkum1dplX0bjSHeW0YbW9khzDFwM0LJZ SJRBJXRsxWVE1nezFmbMOQszORsXUKn1mlFOhc3ekpAo4SGbA2cGehNbXk5/iiMlBgR75wMxP1OAMTsj8B7c85xgu6j0QG2Uc5kDmuzKVN3IDHB1NjxH59H99g4wmCu/ClvGJHyzOi3eiA1mJ9PUF9NkGGZWOsMB9WWd4zRkp3 y6VQJLUOBTy2O6U5GibPTHrifwa6h25NKEIA==','2017-12-04','22:57:18','',1),(850,12,6,'Empresa actualizada: Hospital May por: Rafa Alpuche','22|Hospital May|1|1395|00001000000404145213|2019-05-05 00:00:00|MIIGTTCCBDWgAwIBAgIUMDAwMDEwMDAwMDA0MDQxNDUyMTMwDQYJKoZIhvcNAQELBQAwggGyMTgwNgYDVQQDDC9BLkMuIGRlbCBTZXJ2aWNpbyBkZSBBZG1pbmlzdHJhY2nDs24gVHJpYnV0YXJpYTEvMC0GA1UECgwmU2VydmljaW8gZGUgQWRtaW5pc3RyYWNpw7NuIFRyaWJ1dGFyaWExODA2BgNVBAsML0FkbWluaXN0cmFjacOzbiBkZSBTZWd1cmlkYWQgZGUgbGEgSW5mb3JtYWNpw7NuMR8wHQYJKoZIhvcNAQkBFhBhY29kc0BzYXQuZ29iLm14MSYwJAYDVQQJDB1Bdi4gSGlkYWxnbyA3NywgQ29sLiBHdWVycmVybzEOMAwGA1UEEQwFMDYzMDAxCzAJBgNVBAYTAk1YMRkwFwYDVQQIDBBEaXN0cml0byBGZWRlcmFsMRQwEgYDVQQHDAtDdWF1aHTDqW1vYzEVMBMGA1UELRMMU0FUOTcwNzAxTk4zMV0wWwYJKoZIhvcNAQkCDE5SZXNwb25zYWJsZTogQWRtaW5pc3RyYWNpw7NuIENlbnRyYWwgZGUgU2VydmljaW9zIFRyaWJ1dGFyaW9zIGFsIENvbnRyaWJ1eWVudGUwHhcNMTYxMTA0MjAyNjMwWhcNMjAxMTA0MjAyNjMwWjCB7TEvMC0GA1UEAxMmQU1TQSBERVNBUlJPTExPUyBJTkRVU1RSSUFMRVMgU0EgREUgQ1YxLzAtBgNVBCkTJkFNU0EgREVTQVJST0xMT1MgSU5EVVNUUklBTEVTIFNBIERFIENWMS8wLQYDVQQKEyZBTVNBIERFU0FSUk9MTE9TIElORFVTVFJJQUxFUyBTQSBERSBDVjElMCMGA1UELRMcQURJMTYwODExVVQ4IC8gR1VHTDc5MTAwOEdHMTEeMBwGA1UEBRMVIC8gR1VHTDc5MTAwOEhDTFRSUzAwMREwDwYDVQQLEwhNT05DTE9WQTCCASIwDQYJKoZIhvcNAQEBBQADggEPADCCAQoCggEBAIFPcTW6QBmh CiHO17Yc447Y8ZWpRQS1qhRQaFwEd3 CLhi54l9S/TjGt0p1JcFFFU/JTOu3NL4eg9thUWD4oRbQvGkx6lu91Vly2mhzRa66mAherzJLiCekjY6ClbBQv1e/EHf9bMG/hEhNLZccRoTgrBQbpPlb7hthYkh0V9YOp1E3SCSGp8ZTs20FeJ5qrBQaJ Z63iai7QTY9SGUqPmY1fHzP5a/uRDACPGNw15Yaq22tvDlzVrpztl3xxYI8E6KVX9ZJPIFzRsuM f8goYa3LdsAv2xBBK2iOdta6YRhKOFvRC3m9wWzqEIOPvfHD0HSnMVKefnQq3lkPAuh0CAwEAAaMdMBswDAYDVR0TAQH/BAIwADALBgNVHQ8EBAMCBsAwDQYJKoZIhvcNAQELBQADggIBAJxXaCwEBr9ybszpPL3bCkSbJBG3Q/lLwZECfRq1dyWOlFFao0XJYoQ/0lk4/H9n1OMsCqjzqr3GyN05paVGX20we6L1J50S2Pu3UG4hQwuRWfVHF1XZAslAW61RPOLZUHZ uKTQmEmUKfte1YwKCCNVL1zNWYK7yTUEd5DnCsgvLsx46gvjJNed/Er4v474KkOQTLQrsk27L/TkE67JyNO/XlnfD0I 6vfFFQaLk6S1rumRTtxikIu/WJ6rXquQn32d0vGlmyuTF4gUTa8MwaFocNRWkq UcHo82amAlgKtnWDVfru0C1kF8VW37ePIX2Dc5oEEkoZEdg1aVd 7nCzy4g3llt2jFkrRY5HGg/wraAZQoMnYWe5vXr4ZpPIYrMAYE3TCrssD/RcsIBmYwnorU4e22CHx/6mOCmL5fVJdaW LSwoIuVjSTpUmnqFrxIizrULlm77TzE6L8heqrrKHSAvSxOwhJb/PepIB1OCQ8tSxuYoNOavE/PFkq44NO2/tTXxcIDGioJe0XH3WcYdrO1Y/RxGJJtSOhnJARe5tyFpTluUMkqp0Ikqv Q0VwntPbcdrDG48N8JxUrXVgvN/acqviqZIlJvAcF P/lEGS1ne2vZ5t2Uq9wFSU22lyQdSRGvxT408KyGubp9MW0rcDjf1gCkUjPPidb3vvOuf','2017-12-04','23:19:43','',1),(851,12,6,'Empresa actualizada: Hospital May por: Rafa Alpuche','22|Hospital May|1|1395|00001000000404145213|2019-05-05 00:00:00|MIIGTTCCBDWgAwIBAgIUMDAwMDEwMDAwMDA0MDQxNDUyMTMwDQYJKoZIhvcNAQELBQAwggGyMTgwNgYDVQQDDC9BLkMuIGRlbCBTZXJ2aWNpbyBkZSBBZG1pbmlzdHJhY2nDs24gVHJpYnV0YXJpYTEvMC0GA1UECgwmU2VydmljaW8gZGUgQWRtaW5pc3RyYWNpw7NuIFRyaWJ1dGFyaWExODA2BgNVBAsML0FkbWluaXN0cmFjacOzbiBkZSBTZWd1cmlkYWQgZGUgbGEgSW5mb3JtYWNpw7NuMR8wHQYJKoZIhvcNAQkBFhBhY29kc0BzYXQuZ29iLm14MSYwJAYDVQQJDB1Bdi4gSGlkYWxnbyA3NywgQ29sLiBHdWVycmVybzEOMAwGA1UEEQwFMDYzMDAxCzAJBgNVBAYTAk1YMRkwFwYDVQQIDBBEaXN0cml0byBGZWRlcmFsMRQwEgYDVQQHDAtDdWF1aHTDqW1vYzEVMBMGA1UELRMMU0FUOTcwNzAxTk4zMV0wWwYJKoZIhvcNAQkCDE5SZXNwb25zYWJsZTogQWRtaW5pc3RyYWNpw7NuIENlbnRyYWwgZGUgU2VydmljaW9zIFRyaWJ1dGFyaW9zIGFsIENvbnRyaWJ1eWVudGUwHhcNMTYxMTA0MjAyNjMwWhcNMjAxMTA0MjAyNjMwWjCB7TEvMC0GA1UEAxMmQU1TQSBERVNBUlJPTExPUyBJTkRVU1RSSUFMRVMgU0EgREUgQ1YxLzAtBgNVBCkTJkFNU0EgREVTQVJST0xMT1MgSU5EVVNUUklBTEVTIFNBIERFIENWMS8wLQYDVQQKEyZBTVNBIERFU0FSUk9MTE9TIElORFVTVFJJQUxFUyBTQSBERSBDVjElMCMGA1UELRMcQURJMTYwODExVVQ4IC8gR1VHTDc5MTAwOEdHMTEeMBwGA1UEBRMVIC8gR1VHTDc5MTAwOEhDTFRSUzAwMREwDwYDVQQLEwhNT05DTE9WQTCCASIwDQYJKoZIhvcNAQEBBQADggEPADCCAQoCggEBAIFPcTW6QBmh CiHO17Yc447Y8ZWpRQS1qhRQaFwEd3 CLhi54l9S/TjGt0p1JcFFFU/JTOu3NL4eg9thUWD4oRbQvGkx6lu91Vly2mhzRa66mAherzJLiCekjY6ClbBQv1e/EHf9bMG/hEhNLZccRoTgrBQbpPlb7hthYkh0V9YOp1E3SCSGp8ZTs20FeJ5qrBQaJ Z63iai7QTY9SGUqPmY1fHzP5a/uRDACPGNw15Yaq22tvDlzVrpztl3xxYI8E6KVX9ZJPIFzRsuM f8goYa3LdsAv2xBBK2iOdta6YRhKOFvRC3m9wWzqEIOPvfHD0HSnMVKefnQq3lkPAuh0CAwEAAaMdMBswDAYDVR0TAQH/BAIwADALBgNVHQ8EBAMCBsAwDQYJKoZIhvcNAQELBQADggIBAJxXaCwEBr9ybszpPL3bCkSbJBG3Q/lLwZECfRq1dyWOlFFao0XJYoQ/0lk4/H9n1OMsCqjzqr3GyN05paVGX20we6L1J50S2Pu3UG4hQwuRWfVHF1XZAslAW61RPOLZUHZ uKTQmEmUKfte1YwKCCNVL1zNWYK7yTUEd5DnCsgvLsx46gvjJNed/Er4v474KkOQTLQrsk27L/TkE67JyNO/XlnfD0I 6vfFFQaLk6S1rumRTtxikIu/WJ6rXquQn32d0vGlmyuTF4gUTa8MwaFocNRWkq UcHo82amAlgKtnWDVfru0C1kF8VW37ePIX2Dc5oEEkoZEdg1aVd 7nCzy4g3llt2jFkrRY5HGg/wraAZQoMnYWe5vXr4ZpPIYrMAYE3TCrssD/RcsIBmYwnorU4e22CHx/6mOCmL5fVJdaW LSwoIuVjSTpUmnqFrxIizrULlm77TzE6L8heqrrKHSAvSxOwhJb/PepIB1OCQ8tSxuYoNOavE/PFkq44NO2/tTXxcIDGioJe0XH3WcYdrO1Y/RxGJJtSOhnJARe5tyFpTluUMkqp0Ikqv Q0VwntPbcdrDG48N8JxUrXVgvN/acqviqZIlJvAcF P/lEGS1ne2vZ5t2Uq9wFSU22lyQdSRGvxT408KyGubp9MW0rcDjf1gCkUjPPidb3vvOuf','2017-12-04','23:40:26','',1),(852,12,6,'Empresa actualizada: Hospital May por: Rafa Alpuche','22|Hospital May|1|1395|00001000000404145213|2019-05-05 00:00:00|MIIGTTCCBDWgAwIBAgIUMDAwMDEwMDAwMDA0MDQxNDUyMTMwDQYJKoZIhvcNAQELBQAwggGyMTgwNgYDVQQDDC9BLkMuIGRlbCBTZXJ2aWNpbyBkZSBBZG1pbmlzdHJhY2nDs24gVHJpYnV0YXJpYTEvMC0GA1UECgwmU2VydmljaW8gZGUgQWRtaW5pc3RyYWNpw7NuIFRyaWJ1dGFyaWExODA2BgNVBAsML0FkbWluaXN0cmFjacOzbiBkZSBTZWd1cmlkYWQgZGUgbGEgSW5mb3JtYWNpw7NuMR8wHQYJKoZIhvcNAQkBFhBhY29kc0BzYXQuZ29iLm14MSYwJAYDVQQJDB1Bdi4gSGlkYWxnbyA3NywgQ29sLiBHdWVycmVybzEOMAwGA1UEEQwFMDYzMDAxCzAJBgNVBAYTAk1YMRkwFwYDVQQIDBBEaXN0cml0byBGZWRlcmFsMRQwEgYDVQQHDAtDdWF1aHTDqW1vYzEVMBMGA1UELRMMU0FUOTcwNzAxTk4zMV0wWwYJKoZIhvcNAQkCDE5SZXNwb25zYWJsZTogQWRtaW5pc3RyYWNpw7NuIENlbnRyYWwgZGUgU2VydmljaW9zIFRyaWJ1dGFyaW9zIGFsIENvbnRyaWJ1eWVudGUwHhcNMTYxMTA0MjAyNjMwWhcNMjAxMTA0MjAyNjMwWjCB7TEvMC0GA1UEAxMmQU1TQSBERVNBUlJPTExPUyBJTkRVU1RSSUFMRVMgU0EgREUgQ1YxLzAtBgNVBCkTJkFNU0EgREVTQVJST0xMT1MgSU5EVVNUUklBTEVTIFNBIERFIENWMS8wLQYDVQQKEyZBTVNBIERFU0FSUk9MTE9TIElORFVTVFJJQUxFUyBTQSBERSBDVjElMCMGA1UELRMcQURJMTYwODExVVQ4IC8gR1VHTDc5MTAwOEdHMTEeMBwGA1UEBRMVIC8gR1VHTDc5MTAwOEhDTFRSUzAwMREwDwYDVQQLEwhNT05DTE9WQTCCASIwDQYJKoZIhvcNAQEBBQADggEPADCCAQoCggEBAIFPcTW6QBmh CiHO17Yc447Y8ZWpRQS1qhRQaFwEd3 CLhi54l9S/TjGt0p1JcFFFU/JTOu3NL4eg9thUWD4oRbQvGkx6lu91Vly2mhzRa66mAherzJLiCekjY6ClbBQv1e/EHf9bMG/hEhNLZccRoTgrBQbpPlb7hthYkh0V9YOp1E3SCSGp8ZTs20FeJ5qrBQaJ Z63iai7QTY9SGUqPmY1fHzP5a/uRDACPGNw15Yaq22tvDlzVrpztl3xxYI8E6KVX9ZJPIFzRsuM f8goYa3LdsAv2xBBK2iOdta6YRhKOFvRC3m9wWzqEIOPvfHD0HSnMVKefnQq3lkPAuh0CAwEAAaMdMBswDAYDVR0TAQH/BAIwADALBgNVHQ8EBAMCBsAwDQYJKoZIhvcNAQELBQADggIBAJxXaCwEBr9ybszpPL3bCkSbJBG3Q/lLwZECfRq1dyWOlFFao0XJYoQ/0lk4/H9n1OMsCqjzqr3GyN05paVGX20we6L1J50S2Pu3UG4hQwuRWfVHF1XZAslAW61RPOLZUHZ uKTQmEmUKfte1YwKCCNVL1zNWYK7yTUEd5DnCsgvLsx46gvjJNed/Er4v474KkOQTLQrsk27L/TkE67JyNO/XlnfD0I 6vfFFQaLk6S1rumRTtxikIu/WJ6rXquQn32d0vGlmyuTF4gUTa8MwaFocNRWkq UcHo82amAlgKtnWDVfru0C1kF8VW37ePIX2Dc5oEEkoZEdg1aVd 7nCzy4g3llt2jFkrRY5HGg/wraAZQoMnYWe5vXr4ZpPIYrMAYE3TCrssD/RcsIBmYwnorU4e22CHx/6mOCmL5fVJdaW LSwoIuVjSTpUmnqFrxIizrULlm77TzE6L8heqrrKHSAvSxOwhJb/PepIB1OCQ8tSxuYoNOavE/PFkq44NO2/tTXxcIDGioJe0XH3WcYdrO1Y/RxGJJtSOhnJARe5tyFpTluUMkqp0Ikqv Q0VwntPbcdrDG48N8JxUrXVgvN/acqviqZIlJvAcF P/lEGS1ne2vZ5t2Uq9wFSU22lyQdSRGvxT408KyGubp9MW0rcDjf1gCkUjPPidb3vvOuf','2017-12-04','23:41:10','',1),(853,1,6,'El usuario inició sesión. Nombre de usuario: ralpuchev','','2017-12-06','00:34:23','',1),(854,1,6,'El usuario inició sesión. Nombre de usuario: ralpuchev','','2017-12-10','20:26:18','',1),(855,1,6,'El usuario inició sesión. Nombre de usuario: ralpuchev','','2017-12-16','01:44:24','',1),(856,32,6,'Nuevo pago recibido guardado','','2017-12-18','02:28:09','',1),(857,1,6,'El usuario inició sesión. Nombre de usuario: ralpuchev','','2017-12-19','10:59:45','',1),(858,1,6,'El usuario inició sesión. Nombre de usuario: ralpuchev','','2017-12-22','10:54:36','',1),(859,33,6,'Pago recibido actualizado','1|4|500|2017-12-18|02:28:00|28|MXN|50000|1|40014|2154587895|40012|4646546542|78911321654123132|1|COAR|ACEROFRON S.A. DE C.V.|Tarjeta de débito|Peso Mexicano|BSM970519DU8|BBA830831LJ2','2017-12-22','10:55:49','',1),(860,30,6,'Concepto de facturación modificado: Pollo Asado','3|50111515|H87|Pollo Asado|56.90|1|0|0|Pieza|Pollo, mínimamente procesado sin aditivos','2017-12-26','11:23:29','',1),(861,29,6,'Concepto de facturación agregado: Pollo Asado','','2017-12-26','11:23:38','',1),(862,27,6,'Gasto de Cliente Actualizado','403|17|22|500|3|2017-12-01|01:19:33|63799.99|0.2|6|1|EDGAR DE LEON|Hospital May|ACEROFRON S.A. DE C.V.|BANCOMER||0|||No encontrado','2017-12-26','18:09:59','',1),(863,27,6,'Gasto de Cliente Actualizado','403|17|22|500|3|2017-12-01|01:19:33|63799.99|0.2|6|1|EDGAR DE LEON|Hospital May|ACEROFRON S.A. DE C.V.|BANCOMER|PPD|99|MXN|1|Por definir','2017-12-26','18:11:02','',1),(864,27,6,'Gasto de Cliente Actualizado','403|17|22|500|3|2017-12-01|01:19:33|63799.99|0.2|6|1|EDGAR DE LEON|Hospital May|ACEROFRON S.A. DE C.V.|BANCOMER|PPD|99|MXN|1|Por definir','2017-12-26','18:24:55','',1);
/*!40000 ALTER TABLE `Bitacora` ENABLE KEYS */;
UNLOCK TABLES;

--
-- Table structure for table `Clientes`
--

DROP TABLE IF EXISTS `Clientes`;
/*!40101 SET @saved_cs_client     = @@character_set_client */;
/*!40101 SET character_set_client = utf8 */;
CREATE TABLE `Clientes` (
  `idCliente` int(11) NOT NULL AUTO_INCREMENT,
  `nombre` varchar(255) NOT NULL,
  `idDatosFacturacion` int(11) NOT NULL,
  `estatus` int(11) NOT NULL,
  PRIMARY KEY (`idCliente`)
) ENGINE=InnoDB AUTO_INCREMENT=929 DEFAULT CHARSET=utf8;
/*!40101 SET character_set_client = @saved_cs_client */;

--
-- Dumping data for table `Clientes`
--

LOCK TABLES `Clientes` WRITE;
/*!40000 ALTER TABLE `Clientes` DISABLE KEYS */;
INSERT INTO `Clientes` VALUES (4,'TIERRA721',965,1),(500,'ACEROFRON S.A. DE C.V.',966,1),(501,'ARTE Y DECORACION VILLARREAL, S. DE RL MI',967,1),(502,'AUTOEXPRESS AGUIRRE S.A. DE C.V.',968,1),(503,'BRENDA ELIZABETH ALMERAZ BORJAS',969,1),(504,'JOSE DOMITILO ALFEREZ CORREA',970,1),(505,'APLICACION FERROVIARIA INTEGRAL, S.A. DE C.V.',971,1),(506,'ARRI DE FRONTERA S.A. DE C.V.',972,1),(507,'AUTOS FRUTO S.A. DE C.V.',973,1),(508,'ALTOS HORNOS DE MEXICO S.A.B. DE C.V.',974,1),(509,'AISLAMIENTOS INDUSTRIALES DE MONCLOVA S.A. DE C.V.',975,1),(510,'JOSE ANTONIO ARIZPE SORIA',976,1),(511,'ALEJANDRO ARIZPE SORIA',977,1),(512,'AUTELES KALIONCHIZ S.A. DE C.V.',978,1),(513,'ABASTOS Y MAQUINADOS S.A. DE C.V.',979,1),(514,'APLICACIONES METALICAS DE APIZACO S.A. DE C.V.',980,1),(515,'AGBEN DE MEXICO S.A. DE C.V.',981,1),(516,'AUTOS MONCLOVA S.A. DE C.V.',982,1),(517,'AUTOS MONCLOVA S.A. DE C.V.',983,1),(518,'AB MAX SERVICIOS S.A. DE C.V.',984,1),(519,'AUTOTRANSPORTES ORTEGA TAFOYA S.A. DE C.V.',985,1),(520,'AUTO PARTES DUARTE S.A. DE C.V.',986,1),(521,'ARRENDADORA Y PAVIMENTADORA SIBA S.A DE C.V',987,1),(522,'ASIDETECH RESEARCH S.A. DE C.V.',988,1),(523,'ALUMINUM RECYCLING SERVICES S. DE R.L. DE C.V.',989,1),(524,'AR SERVICIOS Y ADAPTACIONES, S.A. DE C.V.',990,1),(525,'ACEROMAN SERVICIOS S.A. DE C.V.',991,1),(526,'ASSA SERVICIOS Y MANUFACTURACION, S.A. DE C.V.',992,1),(527,'ATL TECNOLOGIA S.A. DE C.V.',993,1),(528,'AUTO TRANSPORTES DE FRONTERA A FRONTERA S.A. DE C.V.',994,1),(529,'LUIS ALBERTO AGUILAR CAZARES',995,1),(530,'LUCILA AGUILAR FUENTES',996,1),(531,'JUAN JAIME AGUIRRE LOPEZ',997,1),(532,'ALINA AGUILAR TRISTAN',998,1),(533,'MONICA ALEJANDRA BARRIOS LOPEZ',999,1),(534,'DAVID BLACKALLER QUINTERO',1000,1),(535,'JESUS HOMERO BARRIENTOS REYNA',1001,1),(536,'RAMIRO BALLESTEROS SIERRA',1002,1),(537,'MARIA TERESA DEL CARMEN BARRIGA',1003,1),(538,'XOCHITL BELTRAN GUEVARA',1004,1),(539,'FRANCISCO JAVIER BORREGO DANIEL',1005,1),(540,'KARLA CECILIA DEL BOSQUE DE LUNA',1006,1),(541,'FRANCISCO DEL BOSQUE RIVERA',1007,1),(542,'SONIA GUADALUPE BUSTOS HERNANDEZ',1008,1),(543,'EDGAR IVAN DE JESUS CAZARES ACOSTA',1009,1),(544,'CONSTRUCTORA Y ARRENDADORA COAR S.A. DE C.V.',1010,1),(545,'GILBERTO CABRALES FLORES',1011,1),(546,'JOSE LUIS CAREAGA GARZA',1012,1),(547,'ELI NORBERTO CANTU HERNANDEZ',1013,1),(548,'CEPILLOS Y ARTICULOS INDUSTRIALES INTERNACIONALES S.A. DE .C.V.',1014,1),(549,'CLAUDIA ELIZABETH CARRIZALES JACOBO',1015,1),(550,'LORENA GUADALUPE CHAVEZ PEÑA',1016,1),(551,'CARVIMX S.A. DE C.V.',1017,1),(552,'COLEGIO BILINGUE IMPACTANDO VIDAS A.C.',1018,1),(553,'COISA CONSULTORES INDUSTRIALES',1019,1),(554,'CYMA CONSTRUCCIONES Y MANTENIMIENTO S.A. DE C.V.',1020,1),(555,'CONSTRUCTORA Y COMERCIALIZADORA DEL NORESTE S.A. DE C.V.',1021,1),(556,'COSE DE COAHUILA SA DE CV',1022,1),(557,'GILBERTO CEDILLO ALMAGUER',1023,1),(558,'COMERCIALIZADORA ECOHEAT S.A. DE C.V.',1024,1),(559,'VALENTIN CENICEROS CUEVAS',1025,1),(560,'COMERCIALIZADORA ELIZONDO-CASTRO S.A. DE C.V.',1026,1),(561,'CONSTRUCCIONES Y FABRICACIONES MAJOMA S.A. DE C.V.',1027,1),(562,'CENTRAL FERRETERA DEL NORTE S.A DE C.V',1028,1),(563,'CONSTRUCTORA FUENTES VELASCO S. DE R.L. DE C.V.',1029,1),(564,'COMBUSTIBLES Y GASES DE ACUÑA S.A. DE C.V.',1030,1),(565,'CONSTRUCTORA HRBM S. DE R.L. DE C.V.',1031,1),(566,'CG INSPECTION & SERVICES S.A. DE C.V.',1032,1),(567,'HECTOR ALEJANDRO CIPRIANO GONZALEZ',1033,1),(568,'CONSORCIO  INMOBILIARIO JPS, S.A. DE C.V.',1034,1),(569,'CONSORCIO  INMOBILIARIO JPS, S.A. DE C.V.',1035,1),(570,'CONSTRUCTORA INDUSTRIAL DE MONCLOVA S.A. DE C.V.',1036,1),(571,'CIVIL INC S.A. DE C.V.',1037,1),(572,'CONSTRUCTORA INDUSTRIAL SIGA S.A. DE C.V.',1038,1),(573,'CONSEJO DE LA JUDICATURA FEDERAL',1039,1),(574,'CGN LOTO SC',1040,1),(575,'CONSTRUCTORA LUXUR S.A. DE C.V.',1041,1),(576,'COMERCIALIZADORA MAAS S.A DE C.V.',1042,1),(577,'CONSTRUCCIONES Y MANTENIMIENTO HML S.A. DE C.V.',1043,1),(578,'CENTRO MEDICO QUIRURGICO SAN MARTIN S.A DE C.V.',1044,1),(579,'FRANCISCO CORREA DURON',1045,1),(580,'JUAN ANTONIO CORTES GARZA',1046,1),(581,'EMILCE GUADALUPE CORTES GAYTAN',1047,1),(582,'MARIA ANTONIETA CORTES HIPOLITO',1048,1),(583,'EUSEBIO CORONADO HERNANDEZ',1049,1),(584,'BRAILOSKY COBARRUBIAS MANCHA',1050,1),(585,'DAVID COTA MURRIETA',1051,1),(586,'CIA CONSTRUCTORA Y COMERCIALIZADORA SA DE CV',1052,1),(587,'JORGE ARMANDO CORONADO PEREZ',1053,1),(588,'MONICA ELIZABETH CORREA QUINTERO',1054,1),(589,'FERNANDO CORTEZ TRINIDAD',1055,1),(590,'COMERCIALIZADORA PEPSICO MEXICO S. DE R.L. DE C.',1056,1),(591,'COMERCIALIZADORA Y PRESTADORA DE SERVICIOS JLG S.A. DE C.V.',1057,1),(592,'CREATIVOS PUBLICIDAD VISUAL S.A. DE C.V.',1058,1),(593,'CONSTRUCCIONES Y REPRESENTACIONES ESPECIALIZADAS DE MONCLOVA S.A. DE C.V.',1059,1),(594,'COMERCIALIZACION Y REPRESENTACIONES INDUSTRIALES S.A. DE C.V.',1060,1),(595,'CONSTRUCTORA Y REPRESENTACIONES DEL NORTE S.A. DE C.V.',1061,1),(596,'CIA CONSTRUCTORA RODER S.A. DE C.V.',1062,1),(597,'CHUMACERAS Y RODAMIENTOS S.A. DE C.V.',1063,1),(598,'CONSTRUCCIONES Y SUPERVISIÓN INDUSTRIAL, S.A. DE C.V.',1064,1),(599,'CONSTRUCTORA Y SERVICIOS DE MONCLOVA S.A DE C.V',1065,1),(600,'CONSTRUCTORA Y SERVICIOS OSMAN, SA. DE C.V.',1066,1),(601,'FIDEL CRUZ GARCIA',1067,1),(602,'VICTOR ANTONIO CRUZ GUTIERREZ',1068,1),(603,'VICTOR MANUEL DAVILA GUAJARDO',1069,1),(604,'DELPHI DIESEL SYSTEMS S. DE R.L. DE C.V.',1070,1),(605,'ELIZANDRO DELGADO GONZALEZ',1071,1),(606,'OMAR DELGADO PEREZ',1072,1),(607,'RICARDO DIAZ CUELLAR',1073,1),(608,'DAVID DIAZ GARCIA',1074,1),(609,'DESARROLLO INMOBILIARIO JP, S.A. DE C.V.',1075,1),(610,'MAURO DAVID DIAZ DE LEON MARTINEZ',1076,1),(611,'DIGGITALERA MARKETING S. DE R.L. DE C.V.',1077,1),(612,'JORGE FERNANDO DOUNCE ALVAREZ TOSTADO',1078,1),(613,'DESARROLLO RESIDENCIAL ALCAS DE MONCLOVA S.A. DE C.V.',1079,1),(614,'EDIFICACION ALPINE S.A. DE C.V.',1080,1),(615,'ABRAHAM ESTRADA SALDAÑA',1081,1),(616,'ELECTRICIDAD Y AUTOMATIZACION EYA S.A DE C.V',1082,1),(617,'ELECTRO DISTRIBUIDORA DIAZ S.A DE C.V.',1083,1),(618,'ESPACIO EDITORIAL COAHUILENSE S.A. DE C.V.',1084,1),(619,'ENERTECH FABRICACIONES SA DE CV',1085,1),(620,'ELECTRO ILUMINACION DIAZ, S.A. DE C.V.',1086,1),(621,'LUIS ENRIQUEZ MENDEZ',1087,1),(622,'JUAN ALBINO ELIZONDO SANCHEZ',1088,1),(623,'EMPACADORA KACER S.A. DE C.V.',1089,1),(624,'EQUIPMENT RENTAL & SERVICES SAN LORENZO S.A. DE C.V.',1090,1),(625,'ESTACION DE SERVICIO EL CRUCERO SA DE CV',1091,1),(626,'ALEJANDRA ESQUIVEL FERNANDEZ',1092,1),(627,'JORGE ALBERTO FRANCO ANAYA',1093,1),(628,'CARLOS ROMEO FALCON FLORES',1094,1),(629,'WILFREDO FALCON FRANCO',1095,1),(630,'FRIGORIFICO Y COMERCIALIZADORA DE CARNES DE COAHUILA S.A DE C.V.',1096,1),(631,'FOMENTO EDUCATIVO Y CULTURAL FRANCISCO DE IBARRA A.C.',1097,1),(632,'FOMENTO EDUCATIVO DE MONCLOVA A.C.',1098,1),(633,'FERREMATERIALES HC DE MONCLOVA  SA. DE CV.',1099,1),(634,'ANA MARIA FRIAS REYES',1100,1),(635,'LUIS MIGUEL FLORES GONZALEZ',1101,1),(636,'MOISES FLORES MALDONADO',1102,1),(637,'HECTOR EDUARDO FLORES RODRIGUEZ',1103,1),(638,'FUNDACION RAFAEL DONDÉ IAP',1104,1),(639,'FABRICACIONES Y SERVICIOS DE MEXICO S.A. DE C.V.',1105,1),(640,'FABRICACIONES TRITON DE MEXICO S.A. DE C.V.',1106,1),(641,'JOSE AMANDO FUENTES FLORES',1107,1),(642,'JOSE AMANDO FUENTES GONZALEZ',1108,1),(643,'GUDELIO GARZA ARREDONDO',1109,1),(644,'JOSE CELESTINO GARZA DURAN',1110,1),(645,'ISMAEL GARZA DELGADO',1111,1),(646,'DENISSE ELIZDE GARZA ESCAMILLA',1112,1),(647,'REGINALDO ALFONSO GARZA FRANCO',1113,1),(648,'JOSE ANGEL GARZA GAYTAN',1114,1),(649,'ALFONSO GARZA JIMENEZ',1115,1),(650,'GRUAS ALMERAZ S.A. DE C.V.',1116,1),(651,'JOSE LUIS GARCIA NORIEGA',1117,1),(652,'LUIS ENRIQUE GARZA PUENTE',1118,1),(653,'GRUPO BESCO S.A. DE C.V.',1119,1),(654,'GRUPO BREMCO S DE RL DE CV',1120,1),(655,'GAS CASTAÑOS S.A. DE C.V.',1121,1),(656,'GRUAS CHAVEZ S.A DE C.V.',1122,1),(657,'GRUPO CONSTRUCTOR MACIAS, S. DE R.L.',1123,1),(658,'GRUPO CONSTRUCTOR SOLIS LOPEZ S.A. DE C.V.',1124,1),(659,'GOBIERNO DEL ESTADO DE COAHUILA DE ZARAGOZA',1125,1),(660,'G.S.S.A. GRUPO DE SEGURIDAD PRIVADA S.A. DE C.V.',1126,1),(661,'JESUS SALVADOR GIL BENAVIDES',1127,1),(662,'GAS IDEAL DE COAHUILA S.A. DE C.V.',1128,1),(663,'GRUPO INMOBILIARIO LOPSO',1129,1),(664,'GASIFICADORA DE MONCLOVA, S.A. DE C.V.',1130,1),(665,'GRUAS DEL NORTE S.A. DE C.V.',1131,1),(666,'MAURICIO GOMEZ DIAZ',1132,1),(667,'MARIANA GONZALEZ ESPINOZA',1133,1),(668,'NINFA MARGARITA GOMEZ LIMAS',1134,1),(669,'ANGEL FRANCISCO GONZALEZ MILLER',1135,1),(670,'ANA GABRIELA GONZALEZ PEREZ',1136,1),(671,'GARANTIA RADIOGRAFICA E INGENIERIA, S.A. DE C.V.',1137,1),(672,'GRUPO SAYAN S.A. DE C.V.',1138,1),(673,'GRUAS SIBA S.A. DE C.V.',1139,1),(674,'GAS TOTAL S.A. DE C.V.',1140,1),(675,'JAVIER GUTIERREZ CANTU',1141,1),(676,'PRISMA GUTIERREZ CANTU',1142,1),(677,'ERIKA LIZET GUTIERREZ EXIGA',1143,1),(678,'BLANCA ANELIZ GUTIERREZ GONZALEZ',1144,1),(679,'HECTOR ROMEO GUTIERREZ GARCIA',1145,1),(680,'REYNHOLD GUTIERREZ GONZALEZ',1146,1),(681,'MARIA ESTHER GUERRERO QUIROZ',1147,1),(682,'ALEJANDRA GUTIERREZ RODRIGUEZ',1148,1),(683,'GUSTAVO GUTIERREZ SILLER',1149,1),(684,'JUAN NASIP HARB KARAM',1150,1),(685,'VICTOR NASIP HARB KARAM',1151,1),(686,'HEVIL CONSTRUCCIONES S.A. DE C.V.',1152,1),(687,'SOFIA HERNANDEZ AGUERO',1153,1),(688,'EUGENIO HERNANDEZ CANTU',1154,1),(689,'JAIME HERNANDEZ ESPINOZA',1155,1),(690,'DANIEL EVERARDO HERNANDEZ FERNANDEZ',1156,1),(691,'RAFAEL HERNANDEZ FLORES',1157,1),(692,'CESAR URIEL HERNANDEZ SAUCEDA',1158,1),(693,'EULALIO HERNANDEZ SALINAS',1159,1),(694,'YULI NOHEMI HERNANDEZ ZUÑIGA',1160,1),(695,'IRMA GRACIELA HOLMES AGUIRRE',1161,1),(696,'CLAUDIA AMANDA DE HOYOS HONSTEIN',1162,1),(697,'ROCIO CAROLINA DE HOYOS MORENO',1163,1),(698,'HOSPEDAJE ZOKY S.A. DE C.V.',1164,1),(699,'TOMAS IBARRA DIAZ',1165,1),(700,'FERNANDO JOSE INFANTE GARCIA',1166,1),(701,'ANGELICA IBARRA HERNANDEZ',1167,1),(702,'IGY ALIMENTOS S.A. DE C.V.',1168,1),(703,'JOSE CARLOS IBARRA MARTINEZ',1169,1),(704,'MAURILIO IBARRA PEREZ',1170,1),(705,'ICI ASESORES TECNOLOGIA AMBIENTAL S.A. DE C.V.',1171,1),(706,'INSTITUTO ESTATAL DEL DEPORTE EN COAHUILA DE ZARAGOZA',1172,1),(707,'INDUSTRIAL ENRIQUEZ S.A. DE C.V.',1173,1),(708,'IMISA INSTALACIONES MECANICAS INDUSTRIALES S.A DE C.V',1174,1),(709,'INGENIERA MECANICA Y CIVIL DE ALTAMIRA S.A DE C.V',1175,1),(710,'ICEE DE MEXICO S.A. DE C.V.',1176,1),(711,'INMOBILIARIA MKG S.A. DE C.V.',1177,1),(712,'COMPAÑIA INDUSTRIAL DE MONCLOVA S.A. DE C.V.',1178,1),(713,'INOVACAST S.A. DE C.V.',1179,1),(714,'IMEVAL DE OCCIDENTE S.A. DE C.V.',1180,1),(715,'COMPAÑIA INDUSTRIAL DE SERVICIOS S.A. DE C.V.',1181,1),(716,'INDUSTRIAL TORNILLERA DEL NORTE S.A.',1182,1),(717,'INSTITUTO TECNOLOGICO SUPERIOR DE MUZQUIZ',1183,1),(718,'JOSE ERNESTO JAMIN BEYER',1184,1),(719,'SOFIA JIMENEZ CHOFFI',1185,1),(720,'MIGUEL ANGEL JIMENEZ GONZALEZ',1186,1),(721,'RICARDO HASSEF JULIAN VENEGAS',1187,1),(722,'KADIV S.A. DE C.V.',1188,1),(723,'LEAD COMERCIALIZADORA S.A. DE C.V.',1189,1),(724,'OMAR ALEJANDRO LEYVA BALLESTEROS',1190,1),(725,'LOVA EDIFICACIONES S.A. DE C.V.',1191,1),(726,'LOVA EDIFICACIONES S.A DE C.V.',1192,1),(727,'EDILBERTO LEZA LOPEZ',1193,1),(728,'ARMANDO JAVIER DE LEÓN MARTINEZ',1194,1),(729,'FELIX OMAR DE LEON MUÑOZ',1195,1),(730,'HECTOR MARIANO LIRA PUENTE',1196,1),(731,'LOGISTICAS ODEL S.A DE C.V',1197,1),(732,'GRECIA VANY LOZANO FLORES',1198,1),(733,'BRENDA AZUCENA LOPEZ LOPEZ',1199,1),(734,'QUILLAXTLI ITZEL JUANITA AZUCENA LOPEZ RAMOS',1200,1),(735,'MARIO SERGIO DE LUNA GARCIA',1201,1),(736,'MANUEL MAURICIO LUGO SOLIS',1202,1),(737,'JESUS GILBERTO MATA ANGULO',1203,1),(738,'MUNICIPIO DE ABASOLO COAHUILA',1204,1),(739,'JOSE MARIA DE JESUS MARTINEZ CAMPOS',1205,1),(740,'ROGELIO MARTINEZ CRUZ',1206,1),(741,'SALVADOR RODOLFO MARTINEZ CANTU',1207,1),(742,'MARIA GUADALUPE MARTINEZ HERNANDEZ',1208,1),(743,'MERCANTIL ALMADEN S.A. DE C.V.',1209,1),(744,'MIGUEL A. LAZALDE S.A',1210,1),(745,'MARICELI MALDONADO MALDONADO',1211,1),(746,'EDGAR ALEJANDRO MARTINEZ MACIEL',1212,1),(747,'MANAGETECH S.A. DE C.V.',1213,1),(748,'METALES Y ALEACIONES SIDERÚRGICAS S.A. DE C.V.',1214,1),(749,'MIRSHA MEREDITH MATA ZAMARRON',1215,1),(750,'MONCLOVA COUNRTY CLUB A.C.',1216,1),(751,'MUNICIPIO DE CANDELA, COAHUILA',1217,1),(752,'MERCANTIL DISTRIBUIDORA S.A. DE C.V.',1218,1),(753,'IRIS AMIR MENCHACA FLORES',1219,1),(754,'MECCSA GRUPO EMPRESARIAL PRESTADOR DE SERVICIOS S.A. DE C.V.',1220,1),(755,'JUAN LUIS MIRELES MORALES',1221,1),(756,'MATERIALES INDUSTRIALIZADOS S.A. DE C.V.',1222,1),(757,'MANTENIMIENTO INDUSTRIAL SINERGIA S. DE R.L. DE C.V.',1223,1),(758,'MANTENIMIENTO INTEGRAL Y SERVICIOS ESPECIALIZADOS S.A. DE C. V.',1224,1),(759,'MADERAS MIGSA S.A DE C.V',1225,1),(760,'MANTENIMIENTO Y MONTAJES MB S.A. DE C.V.',1226,1),(761,'MAQUINADOS DEL NORTE DE MONCLOVA S.A.',1227,1),(762,'MULTIGRABACIONES DEL NORTE S.A. DE C.V.',1228,1),(763,'ABELARDO MONCADA CANTU',1229,1),(764,'SERAFIN MONTEMAYOR FLORES',1230,1),(765,'ROLANDO GUADALUPE MORENO MUJICA',1231,1),(766,'YONATHAN MORALES VARGAS',1232,1),(767,'COMPAÑIA MINERA PURO CORAZON S.A. DE C.V.',1233,1),(768,'MEX Q QUALITY SERVICES S.A. DE C.V.',1234,1),(769,'MUNICIPIO DE RAMOS ARIZPE',1235,1),(770,'MUNICIPIO DE SAN BUENAVENTURA COAHUILA',1236,1),(771,'MINERA SIDERURGICA DE COAHUILA, S.A DE C.V',1237,1),(772,'MAF TRANSFORMADOS DE ACERO Y TROQUELADOS S.A. DE C.V.',1238,1),(773,'MUCHOGAS S.A. DE C.V.',1239,1),(774,'JOSE RAUL MUÑOZ PEREZ',1240,1),(775,'MUNICIPIO DE VICTORIA TAMAULIPAS',1241,1),(776,'BRUNO NEIRA GONZALEZ',1242,1),(777,'NEXUS INDUSTRIAS S.A. DE C.V.',1243,1),(778,'NC DE MONCLOVA S.A. DE C.V.',1244,1),(779,'NEUMÁTICA PROFESIONAL S.A DE C.V.',1245,1),(780,'ONCE ALIMENTOS S.A. DE C.V.',1246,1),(781,'OFFICE DEPOT DE MEXICO S.A. DE C.V.',1247,1),(782,'DOROTEO ORTEGA PIÑA',1248,1),(783,'LORENA ORTEGA TAFOYA',1249,1),(784,'MELCHOR ORTIZ CASTELLANOS',1250,1),(785,'JUAN FERNANDO ORTIZ ONTIVEROS',1251,1),(786,'GABRIELA LETICIA OSORIA FERNANDEZ',1252,1),(787,'ANGEL NOE OSORIA GOMEZ',1253,1),(788,'OMNISEGURIDAD PRIVADA S.A. DE C.V.',1254,1),(789,'OMAR REGINALDO RODRIGUEZ RIVAS',1255,1),(790,'OBRAS Y SERVICIOS AGROPECUARIOS S.A DE C.V.',1256,1),(791,'SB ASESORIA EN CONSTRUCCION S.A DE C.V',1257,1),(792,'OFS SERVICIOS S.A. DE C.V.',1258,1),(793,'ALDO EMANUEL PARODI FLORES',1259,1),(794,'PLOMERIA Y AZULEJOS DE MONCLOVA S. A. DE C. V.',1260,1),(795,'RODOLFO EUGENIO PLATA MARTINEZ',1261,1),(796,'ANTUAN PAREDES ZAMARRON',1262,1),(797,'PAILERIA Y CONSTRUCCION DE FRONTERA SA DE CV',1263,1),(798,'PROMOTORA DEPORTIVA GAN S.A. DE C.V.',1264,1),(799,'ELISA ADELA PERALTA BARBOSA',1265,1),(800,'MIGUEL PEREZ BARRERA',1266,1),(801,'RUBI ANGELICA PEREZ HERNANDEZ',1267,1),(802,'PRODUCTOS ESPECIALIZADOS MARGON S.A DE C.V',1268,1),(803,'FRANCISCO PEÑA MARTINEZ',1269,1),(804,'Mi Cliente SA de CV',1270,1),(805,'MA. DEL CARMEN PICAZO RIOS',1271,1),(806,'PROMOTORES INDEPENDIENTES DE SERVICIOS S.A. DE C.V.',1272,1),(807,'PRESIDENCIA MUNICIPAL',1273,1),(808,'PRESIDENCIA MUNICIPAL DE MONCLOVA',1274,1),(809,'PRESIDENCIA MUNICIPAL DE NADADORES COAHUILA',1275,1),(810,'PARTIDO DE LA REVOLUCION DEMOCRATICA',1276,1),(811,'PARTIDO REVOLUCIONARIO INSTITUCIONAL',1277,1),(812,'PRESTADORA DE SERVICIOS MAS S.A. DE C.V.',1278,1),(813,'QUALITAS COMPAÑIA DE SEGUROS S.A. DE C.V.',1279,1),(814,'JESUS HECTOR QUINTERO FLOYD',1280,1),(815,'BEATRIZ VERONICA QUINTERO GONZALEZ',1281,1),(816,'JESUS QUINTERO GONZALEZ',1282,1),(817,'MARCELO FLORENCIO QUINTERO GONZALEZ',1283,1),(818,'EDGAR ROGELIO QUINTERO SÁNCHEZ',1284,1),(819,'FRANCISCO RAMIREZ GONZALEZ',1285,1),(820,'GUILLERMO RAMOS GARCIA',1286,1),(821,'ROBERTO RAMIREZ HERNANEZ',1287,1),(822,'RAMONA KARAKOLA',1288,1),(823,'ROSA ELVA RAMOS RODRIGUEZ',1289,1),(824,'JAVIER ALFREDO RAMIREZ TAPIA',1290,1),(825,'REFRACTARIOS BASICOS S.A. DE C.V.',1291,1),(826,'RECUBRIMIENTOS COAHUILA S. DE R.L. DE C.V.',1292,1),(827,'REPMAN COMMUNICATIONS RR&CH S.A. DE C.V.',1293,1),(828,'ROMAR DIELECTRICS DE MÉXICO S. A DE C.V',1294,1),(829,'RECMESA, S.A DE C.V',1295,1),(830,'JUAN PABLO REYNA ORTIZ',1296,1),(831,'ELOVIANO RÍOS CASTRO',1297,1),(832,'VALERIA GUADALUPE RIVAS NARVAES',1298,1),(833,'REFACCIONES MATERIALES Y SERVICIOS DEL NORESTE S.A. DE C.V.',1299,1),(834,'MARIA JOSE RODRIGUEZ BARRIGA',1300,1),(835,'ERASMO RODRIGUEZ CABALLERO',1301,1),(836,'FREDY RODRIGUEZ CASTRO',1302,1),(837,'DIANA ELENA RODRIGUEZ GONZALEZ',1303,1),(838,'ROMAN RODRIGUEZ LUNA',1304,1),(839,'LAURA LUZ ROMO MARTINEZ',1305,1),(840,'MONICA RODRIGUEZ PADER',1306,1),(841,'JUAN ANTONIO RODRIGUEZ RODRIGUEZ',1307,1),(842,'OMAR REGINALDO RODRIGUEZ RIVAS',1308,1),(843,'OSCAR MANUEL ROMERO VILLARREAL',1309,1),(844,'REPUESTOS Y SERVICIOS ESPECIALIZADOS',1310,1),(845,'RECUBRIMIENTOS TECNICOS DE MONCLOVA S.A. DE C.V.',1311,1),(846,'HECTOR RAMÓN SAMANIEGO BUENTELLO',1312,1),(847,'SB ASESORES EN CONSTRUCCION S.A DE C.V',1313,1),(848,'JOSE ALBERTO SANCHEZ CANTU',1314,1),(849,'SOPORTE ASESORIA E INSTALACION DE TECNOLOGIAS DEL NORTE S.A. DE C.V.',1315,1),(850,'DIANA SALDIVAR FLORES',1316,1),(851,'ARMANDINA SANTAMARIA GONZALEZ',1317,1),(852,'MARIA ANTONIETA SANCHEZ HERNANDEZ',1318,1),(853,'JUAN CARLOS SALDUA MEDINA',1319,1),(854,'VICTOR MANUEL DE LOS SANTOS MARTINEZ',1320,1),(855,'JESUS GILBERTO SARACHO NAVARRO',1321,1),(856,'FABIAN DE LOS SANTOS OLIVAS',1322,1),(857,'JAIME ALAN DE LOS SANTOS OLIVAS',1323,1),(858,'JESUS EVERARDO DE LOS SANTOS SALAIS',1324,1),(859,'CESAR MARIO SANCHEZ TREVIÑO',1325,1),(860,'SAMUEL SAUCEDO VAZQUEZ',1326,1),(861,'SERVICIOS Y CONSTRUCCION RELIDA S. DE R.L. DE C.V.',1327,1),(862,'SDN U.H.M. 6-G-I',1328,1),(863,'SERVICIOS ELECTROMECANICOS Y ESTRUCTURALES S.A. DE C.V.',1329,1),(864,'SECRETARIA EDUCACION PUBLICA',1330,1),(865,'SERVICIOS ESPECIALIZADOS RIGSA S.A. DE C.V.',1331,1),(866,'ARTURO SERNA RIOS',1332,1),(867,'SERVICIOS GTA SA DE CV',1333,1),(868,'SUPER LA HACIENDA JUAREZ S. DE R.L. DE C.V.',1334,1),(869,'SERVICIOS INDUSTRIALES ELECTRONICOS SIGNALS S.A. DE C.V.',1335,1),(870,'GERARDO EMMANUEL SIERRA GONZALEZ',1336,1),(871,'SISTEMAS DE IDENTIFICACIÓN LUMINOSA,S.A. DE C.V.',1337,1),(872,'SERVICIOS INDUSTRIALES DE MONCLOVA S.A. DE C.V.',1338,1),(873,'CESAR SIFUENTES MORENO',1339,1),(874,'MIGUEL SILVA MORALES',1340,1),(875,'SISTEMAS METALURGICOS DE MONCLOVA S.A. DE C.V.',1341,1),(876,'SOLDADURA Y PAILERIA FRONTERA S.A. DE C.V.',1342,1),(877,'SERVICIOS Y RECUBRIMIENTOS TERMICOS DE MONCLOVA',1343,1),(878,'GLORIA YANETH SUAREZ CHAVEZ',1344,1),(879,'EMMA GRACIELA SUAREZ ESQUIVEL',1345,1),(880,'DULCE CRISTAL SUAREZ GARZA',1346,1),(881,'COMPAÑÍA TRANSPORTISTA DE AMERICA S.A. DE C.V.',1347,1),(882,'TEC - TECNOLOGIA EN CONSTRUCCION MONCLOVA S.A DE C.V.',1348,1),(883,'TELEVIMEX S.A. DE C.V.',1349,1),(884,'TECNO ELASTOMEROS S.A. DE C.V.',1350,1),(885,'LUIS ALFONSO TREVIÑO PRUNEDA',1351,1),(886,'TALLERES ESPECIALES S.A. DE C.V.',1352,1),(887,'TIMETAL S.A. DE C.V.',1353,1),(888,'TRINITY INDUSTRIES DE MEXICO S. DE R.L. DE C.V.',1354,1),(889,'TECNOFORMA INGENIERIA S.A. DE C.V.',1355,1),(890,'ALVARO HECTOR TIJERINA RODRIGUEZ',1356,1),(891,'TESORERIA MUNICIPAL DE CASTAÑOS COAHUILA',1357,1),(892,'TECNOREFACCIONES Y MAQUINARIA MEGA S.A. DE C.V.',1358,1),(893,'CLAUDIO FEDERICO ADRIAN TOVAR GARCIA',1359,1),(894,'TRUMEN OPERACION Y MANTENIMIENTO S.A. DE C.V.',1360,1),(895,'TRANSPORTE DE PERSONAL CASTAÑOS S.A. DE C.V.',1361,1),(896,'TRAMETAL S.A. DE C.V.',1362,1),(897,'TRB REFRACTORIES S.A. DE C.V.',1363,1),(898,'TRITURADOS EL ROBLE S.A. DE C.V.',1364,1),(899,'TECNOLOGIA EN SOLDADURA Y CORTE S.A. DE C.V.',1365,1),(900,'TRUCKING TRANSPORT STEEL COMPANY S.A. DE C.V.',1366,1),(901,'UNIVERSIDAD AUTÓNOMA DE COAHUILA',1367,1),(902,'CARLOS JOAQUIN UGALDE GONZALEZ',1368,1),(903,'UNIVERSIDAD TECNOLOGICA DE LA REGION CENTRO DE COAHUILA',1369,1),(904,'ALBERTO VARELA ARMENDARIZ',1370,1),(905,'ELVA VARA GONZALEZ',1371,1),(906,'JULIO VALDES GARCIA',1372,1),(907,'ENRIQUE ALFONSO VALDES PORTALES',1373,1),(908,'EDGAR ARTURO VAZQUEZ RODRIGUEZ',1374,1),(909,'ANA VELIA VALDEZ SAUCEDO',1375,1),(910,'JESUS ALBERTO VALDEZ SALINAS',1376,1),(911,'MARIA TERESA VERDUZCO MONCADA',1377,1),(912,'JULIO ANDRÉS VERA VAZQUEZ',1378,1),(913,'CESAR VILLARREAL GARZA',1379,1),(914,'CESAR VILLARREAL GARCIA',1380,1),(915,'VERONICA VILLARREAL LOPEZ',1381,1),(916,'HECTOR OMAR VILLARREAL MARTINEZ',1382,1),(917,'MONICA LIZETH VILLALVA RENDON',1383,1),(918,'VERENNA TRADE S.A.S. DE C.V.',1384,1),(919,'REFUGIO ROMO RANGEL',1385,1),(920,'BLANCA BERENICE ZAMORA CAMPOS',1386,1),(921,'GABRIELA ZAPATA CANIZALES',1387,1),(922,'ROBERTO CARLOS ZAMORA TORRES',1388,1),(923,'SOFIA GRACIELA ZERTUCHE CARRERA',1389,1),(924,'PROYECTOS SANTA FE S. DE R.L. DE C.V.',1390,1),(925,'JESUS EBERARDO DE LOS SANTOS SALAIS  ',0,1),(926,'SERVICIOS INDUSTRIALES FERROVIARIOS ANCIRA GARZA S.A. DE C.V.',1392,1),(927,'EL PALENQUE',1393,1),(928,'AUTO SERVICIO COAHUILA S.A. DE C.V.',1394,1);
/*!40000 ALTER TABLE `Clientes` ENABLE KEYS */;
UNLOCK TABLES;

--
-- Table structure for table `ConceptosFacturacion`
--

DROP TABLE IF EXISTS `ConceptosFacturacion`;
/*!40101 SET @saved_cs_client     = @@character_set_client */;
/*!40101 SET character_set_client = utf8 */;
CREATE TABLE `ConceptosFacturacion` (
  `idConceptoFacturacion` int(11) NOT NULL AUTO_INCREMENT,
  `claveProductoServicio` varchar(50) NOT NULL,
  `claveUnidad` varchar(50) NOT NULL,
  `idGasto` int(11) NOT NULL,
  `descripcion` text NOT NULL,
  `valorUnitario` varchar(50) NOT NULL,
  `cantidad` int(11) NOT NULL,
  `descuento` varchar(50) NOT NULL,
  `estatus` int(11) NOT NULL,
  PRIMARY KEY (`idConceptoFacturacion`)
) ENGINE=InnoDB AUTO_INCREMENT=12 DEFAULT CHARSET=latin1;
/*!40101 SET character_set_client = @saved_cs_client */;

--
-- Dumping data for table `ConceptosFacturacion`
--

LOCK TABLES `ConceptosFacturacion` WRITE;
/*!40000 ALTER TABLE `ConceptosFacturacion` DISABLE KEYS */;
INSERT INTO `ConceptosFacturacion` VALUES (2,'50121500','H87',0,'Lata de pescado','18.5999',3,'10',1),(3,'50111515','H87',0,'Pollo Asado','56.90',1,'0',1),(7,'50121500','H87',18,'Lata de pescado','18.5999',3,'0',1),(8,'50111515','H87',18,'Pollo Asado','56.90',1,'0',1),(9,'42172000','H87',0,'Kit para servicios médicos de urgencia','55000',1,'0',1),(10,'42172000','H87',403,'Kit para servicios médicos de urgencia','55000',1,'0',1),(11,'50111515','H87',403,'Pollo Asado','56.90',1,'0',1);
/*!40000 ALTER TABLE `ConceptosFacturacion` ENABLE KEYS */;
UNLOCK TABLES;

--
-- Table structure for table `ConceptosGastosInternos`
--

DROP TABLE IF EXISTS `ConceptosGastosInternos`;
/*!40101 SET @saved_cs_client     = @@character_set_client */;
/*!40101 SET character_set_client = utf8 */;
CREATE TABLE `ConceptosGastosInternos` (
  `idConcepto` int(11) NOT NULL AUTO_INCREMENT,
  `descripcion` text NOT NULL,
  `estatus` int(11) NOT NULL,
  PRIMARY KEY (`idConcepto`)
) ENGINE=InnoDB DEFAULT CHARSET=utf8;
/*!40101 SET character_set_client = @saved_cs_client */;

--
-- Dumping data for table `ConceptosGastosInternos`
--

LOCK TABLES `ConceptosGastosInternos` WRITE;
/*!40000 ALTER TABLE `ConceptosGastosInternos` DISABLE KEYS */;
/*!40000 ALTER TABLE `ConceptosGastosInternos` ENABLE KEYS */;
UNLOCK TABLES;

--
-- Table structure for table `DatosFacturacion`
--

DROP TABLE IF EXISTS `DatosFacturacion`;
/*!40101 SET @saved_cs_client     = @@character_set_client */;
/*!40101 SET character_set_client = utf8 */;
CREATE TABLE `DatosFacturacion` (
  `idDatosFacturacion` int(11) NOT NULL AUTO_INCREMENT,
  `nombre` text COLLATE utf8_spanish2_ci NOT NULL,
  `rfc` varchar(250) COLLATE utf8_spanish2_ci NOT NULL,
  `calle` varchar(250) COLLATE utf8_spanish2_ci NOT NULL,
  `exterior` varchar(250) COLLATE utf8_spanish2_ci NOT NULL,
  `interior` varchar(250) COLLATE utf8_spanish2_ci NOT NULL,
  `referencia` varchar(250) COLLATE utf8_spanish2_ci NOT NULL,
  `colonia` varchar(250) COLLATE utf8_spanish2_ci NOT NULL,
  `localidad` varchar(250) COLLATE utf8_spanish2_ci NOT NULL,
  `municipio` varchar(250) COLLATE utf8_spanish2_ci NOT NULL,
  `estado` varchar(250) COLLATE utf8_spanish2_ci NOT NULL,
  `pais` varchar(250) COLLATE utf8_spanish2_ci NOT NULL,
  `cp` varchar(250) COLLATE utf8_spanish2_ci NOT NULL,
  `telefono` varchar(250) COLLATE utf8_spanish2_ci NOT NULL,
  `email` varchar(250) COLLATE utf8_spanish2_ci NOT NULL,
  `fax` varchar(250) COLLATE utf8_spanish2_ci NOT NULL,
  `cuenta` varchar(250) COLLATE utf8_spanish2_ci NOT NULL,
  `claveRegimen` varchar(10) COLLATE utf8_spanish2_ci NOT NULL,
  `estatus` int(11) NOT NULL,
  PRIMARY KEY (`idDatosFacturacion`)
) ENGINE=InnoDB AUTO_INCREMENT=1396 DEFAULT CHARSET=utf8 COLLATE=utf8_spanish2_ci;
/*!40101 SET character_set_client = @saved_cs_client */;

--
-- Dumping data for table `DatosFacturacion`
--

LOCK TABLES `DatosFacturacion` WRITE;
/*!40000 ALTER TABLE `DatosFacturacion` DISABLE KEYS */;
INSERT INTO `DatosFacturacion` VALUES (965,'HUMBERTO QUETZALCOATL JESUS RAMON LOPEZ VALDEZ','LOVH8108114K3','PROGRESO','721','','','ZONA CENTRO','MONCLOVA','MONCLOVA','COAHUILA','MEXICO','25700','8666386290','TIERRA721@GMAIL.COM','','1234567890','',1),(966,'ACEROFRON S.A. DE C.V.','ACE110219151','OAXACA','1116','','','OCCIDENTAL','FRONTERA','FRONTERA','COAHUILA','MEX','25640','','','','','601',1),(967,'ARTE Y DECORACION VILLARREAL, S. DE RL MI','ADV031022RH1','JUAREZ','521','','','ZONA CENTRO','MONCLOVA','MONCLOVA','COAHUILA','MEXICO','25700','','ARTEYDECORACIONVILLARREAL@YAHOO.COM','','0436','',1),(968,'AUTOEXPRESS AGUIRRE S.A. DE C.V.','AEA020904MY1','UNO','700','','','EVA DE LOPEZ MATEO','MONCLOVA','MONCLOVA','COAHUILA','MEXICO','25701','','EXPRESSAGUIRRE@PRODIGY.NET.MX','','','',1),(969,'BRENDA ELIZABETH ALMERAZ BORJAS','AEBB830516PT3','SECUNDARIA UNO','1234','','','OBRERA SUR','MONCLOVA','MONCLOVA','COAHUILA','MEXICO','25790','','aebb830516pt3@live.com','','','',1),(970,'JOSE DOMITILO ALFEREZ CORREA','AECD6303162V4','AVE SAN JOSE','1700','','','EMILIANO ZAPATA','MONCLOVA','MONCLOVA','COAHUILA','MEXICO','25740','','','','','',1),(971,'APLICACION FERROVIARIA INTEGRAL, S.A. DE C.V.','AFI091001V32','COMPROVADA','110','','','','FRONTERA','FRONTERA','COAHUILA','MEXICO','25600','','','','','',1),(972,'ARRI DE FRONTERA S.A. DE C.V.','AFR941123KRA','CARRETERA 30 KM 7.7','','','','FRACCIONAMIENTO INDUSTRIAL','FRONTERA','FRONTERA','COAHUILA','MEXICO','25618','','','','5409','',1),(973,'AUTOS FRUTO S.A. DE C.V.','AFR961219QA6','CARRETERA CONSTITUCION','57KM','','','125 PONIENTE','CLOETE','CLOETE','COAHUILA','MEXICO','26800','','MALELIGUI@HOTMAIL.COM','','','',1),(974,'ALTOS HORNOS DE MEXICO S.A.B. DE C.V.','AHM420706U10','PROL. JUAREZ','S/N','','','LA LOMA','MONCLOVA','MONCLOVA','COAHUILA','MEXICO','25770','','','','','',1),(975,'AISLAMIENTOS INDUSTRIALES DE MONCLOVA S.A. DE C.V.','AIM880503LJ0','ROGELIO MONTEMAYOR','200','','','OBRERA SUR SECTOR II','MONCLOVA','MONCLOVA','COAHUILA','MEXICO','25790','','','','','',1),(976,'JOSE ANTONIO ARIZPE SORIA','AISA620820ML0','PRIV. SAN MARTIN','819','','','ZONA CENTRO','MONCLOVA','MONCLOVA','COAHUILA','MEXICO','25700','','','','','',1),(977,'ALEJANDRO ARIZPE SORIA','AISA7111021V0','MAXTLA','1498','','','CD DEPORTIVA','MONCLOVA','MONCLOVA','COAHUILA','MEXICO','25750','','ANTONIO.ARIZPE@YAHOO.COM.MX','','','',1),(978,'AUTELES KALIONCHIZ S.A. DE C.V.','AKA740320826','BLVD. HAROLD R. PAPE','200','','','GUADALUPE','MONCLOVA','MONCLOVA','COAHUILA','MEXICO','25750','','GERENCIA@KALIONCHIZ.COM','','','',1),(979,'ABASTOS Y MAQUINADOS S.A. DE C.V.','AMA0901092W4','FRANCISCO DE LUNA','2006','','','GUADALUPE BORJA','FRONTERA','FRONTERA','COAHUILA','MEXICO','25680','','','','','',1),(980,'APLICACIONES METALICAS DE APIZACO S.A. DE C.V.','AMA150902MH1','EJE NORTE','11','','','INDUSTRIAL XICOHTENCATL 1','TETLA DE LA SOLIDARIDAD','TETLA DE LA SOLIDARIDAD','TLAXCALA','MEXICO','90431','','','','2671','',1),(981,'AGBEN DE MEXICO S.A. DE C.V.','AME090917UAA','AV. ADOLFO LOPEZ MATEOS','50','','','PROGRESO','MONCLOVA','MONCLOVA','COAHUILA','MEXICO','25770','','ESOTO@CEGIMSA.COM','','','',1),(982,'AUTOS MONCLOVA S.A. DE C.V.','AMO560328AE1','BLVD. HAROLD R. PAPE','1065','','','ZONA CENTRO','MONCLOVA','MONCLOVA','COAHUILA','MEXICO','25700','','','','0831','',1),(983,'AUTOS MONCLOVA S.A. DE C.V.','AMO560328EA1','BLVD. HAROLD R PAPE KM 1065','','','','ZONA CENTRO','MONCLOVA','MONCLOVA','COAHUILA','MEXICO','25700','','','','','',1),(984,'AB MAX SERVICIOS S.A. DE C.V.','AMS110831JL4','ECUADOR','530','','','FRACCIONAMIENTO CARRANZA','MONCLOVA','MONCLOVA','COAHUILA','MEXICO','25760','','','','','',1),(985,'AUTOTRANSPORTES ORTEGA TAFOYA S.A. DE C.V.','AOT950323B3A','ADOLFO LOPEZ MATEOS','MZA -9 LOTE -21','','','GUSTAVO BAZ PRADA','ECATEPEC DE MORELOS','ECATEPEC DE MORELOS','ESTADO DE MEXICO','MEXICO','55050','','','','','',1),(986,'AUTO PARTES DUARTE S.A. DE C.V.','APD0803282C6','ZARAGOZA','602 NORTE','','','ZONA CENTRO','ZARAGOZA','ZARAGOZA','COAHUILA','MEXICO','','','pagos_duarte@hotmail.com','','','',1),(987,'ARRENDADORA Y PAVIMENTADORA SIBA S.A DE C.V','APS051202QM6','PROLONGACION HUEMAC','1701','','','FRACC. INDUSTRIAL','MONCLOVA','MONCLOVA','COAHUILA','MEXICO','25750','','','','','',1),(988,'ASIDETECH RESEARCH S.A. DE C.V.','ARE150901IP3','PORTAL BILBAO','170','','','FRACC. LOS PORTALES','SALTILLO','SALTILLO','COAHUILA','MEXICO','25110','','','','','',1),(989,'ALUMINUM RECYCLING SERVICES S. DE R.L. DE C.V.','ARS9808194D3','AV. DE LOS HORNOS','1200','','','INDUSTRIAL FUNDIDORES','FRONTERA','FRONTERA','COAHUILA','MEXICO','25616','','','','','',1),(990,'AR SERVICIOS Y ADAPTACIONES, S.A. DE C.V.','ASA110223JT0','LIBERTAD','218-B','','','ZONA CENTRO','FRONTERA','FRONTERA','COAHUILA','MEXICO','25600','','ARODRIGUEZ@GRUPOROGA.COM.MX','','3556','',1),(991,'ACEROMAN SERVICIOS S.A. DE C.V.','ASE110720DM9','AV. INDUSTRIAL','118','','','OCCIDENTAL','FRONTERA','FRONTERA','COAHUILA','MEXICO','25640','','rduran22@prodigy.net.mx','','','',1),(992,'ASSA SERVICIOS Y MANUFACTURACION, S.A. DE C.V.','ASM0712209Y9','CARR. 30 KM. 19','S/N','','','18 DE FEBRERO','SAN BUENAVENTURA','SAN BUENAVENTURA','COAHUILA','MEXICO','25505','','ADMONCORPGGB@YAHOO.COM','','','',1),(993,'ATL TECNOLOGIA S.A. DE C.V.','ATE031029HM0','RIO GUADALQUIVIR ORIENTE','301 2DO PISO','','','DEL VALLE','SAN PEDRO GARZA GARCIA','SAN PEDRO GARZA GARCIA','NUEVO LEON','MEXICO','66220','','','','','',1),(994,'AUTO TRANSPORTES DE FRONTERA A FRONTERA S.A. DE C.V.','ATF020515N19','CALLEJON PIEDRAS NEGRAS PTE CARRETERA MORELOS- ZARAGOZA','102','','','MORELOS CENTRO','MORELOS','MORELOS','COAHUILA','MEXICO','26500','','','','','',1),(995,'LUIS ALBERTO AGUILAR CAZARES','AUCL700825J89','REPUBLICA DEL SALVADOR','223','','','GUADALUPE','MONCLOVA','MONCLOVA','COAHUILA','MEXICO','25750','','','','','',1),(996,'LUCILA AGUILAR FUENTES','AUFL601115GJ1','LUIS DE LA ANGOSTURA','17 B','','','SAN FELIPE','CHIHUAHUA','CHIHUAHUA','CHIHUAHUA','MEXICO','31203','','','','9850','',1),(997,'JUAN JAIME AGUIRRE LOPEZ','AULJ7310192K7','ENCINOS','2410','','','SANTA MONICA','MONCLOVA','MONCLOVA','COAHUILA','MEXICO','25720','','','','','',1),(998,'ALINA AGUILAR TRISTAN','AUTA791126BA9','DE LA FUENTE','107 PTE','','','ZONA CENTRO','MONCLOVA','MONCLOVA','COAHUILA','MEXICO','25700','','URIELOVALLE.E@GMAIL.COM','','','',1),(999,'MONICA ALEJANDRA BARRIOS LOPEZ','BALM820323TW3','PROGRESO','717','','','ZONA CENTRO','MONCLOVA','MONCLOVA','COAHUILA','MEXICO','25700','','CONCORD.MVA@GMAIL.COM','','','',1),(1000,'DAVID BLACKALLER QUINTERO','BAQD840903UB4','JUAREZ','864','','','EL PUEBLO','MONCLOVA','MONCLOVA','COAHUILA','MEXICO','25730','','','','','',1),(1001,'JESUS HOMERO BARRIENTOS REYNA','BARJ730402KD2','VERACRUZ','805','','','BORJA DE DIAZ ORDAZ','FRONTERA','FRONTERA','COAHUILA','MEXICO','25680','','','','','',1),(1002,'RAMIRO BALLESTEROS SIERRA','BASR510329KR5','CARRETERA 57','KM7','','','ESTANCIAS DE SAN JUAN BAUTISTA','MONCLOVA','MONCLOVA','COAHUILA','MEXICO','25830','','ramirobscorralesmva@hotmail.com','','','',1),(1003,'MARIA TERESA DEL CARMEN BARRIGA','BAST6507168PA','RAFAEL SANCHEZ','1114','','','CHAPULTEPEC SUR','MORELIA','MORELIA','MICHOACAN','MEXICO','58260','','','','','',1),(1004,'XOCHITL BELTRAN GUEVARA','BEGX7404072F2','CONTRERAS','9','','','SAN MATEO IXTACALCO FRACCION LA CAPILLA','CUAUTITLAN IZCALLI','CUAUTITLAN IZCALLI','ESTADO DE MEXICO','MEXICO','54712','','','','','',1),(1005,'FRANCISCO JAVIER BORREGO DANIEL','BODF53061063A','PRIV. GERANIO','816','','','BORJA DE DIAZ ORDAZ','FRONTERA','FRONTERA','COAHUILA','MEXICO','25680','','','','NO IDENTIFICADO','',1),(1006,'KARLA CECILIA DEL BOSQUE DE LUNA','BOLK811008113','CUAUHTEMOC','1401','','','EL PUEBLO','MONCLOVA','MONCLOVA','COAHUILA','MEXICO','25730','','suministrosyservicios@live.com.mx','','','',1),(1007,'FRANCISCO DEL BOSQUE RIVERA','BORF740402PZA','GUADALAJARA','27','','','GUADALUPE','MONCLOVA','MONCLOVA','COAHUILA','MEXICO','25750','','','','','',1),(1008,'SONIA GUADALUPE BUSTOS HERNANDEZ','BUHS6707227J0','NISPEROS','467','','','DEL RIO','MONCLOVA','MONCLOVA','COAHUILA','MEXICO','25748','','','','','',1),(1009,'EDGAR IVAN DE JESUS CAZARES ACOSTA','CAAE871224E4A','MARIANO MATAMOROS','331','DEPARTAMENTO 5','','MONCLOVA CENTRO','MONCLOVA','MONCLOVA','COAHUILA','MEXICO','25700','','YSALAZAR.74@HOTMAIL.COM','','','',1),(1010,'CONSTRUCTORA Y ARRENDADORA COAR S.A. DE C.V.','CAC150320UC7','SAN BUENAVENTURA','124-A','','','EL PUEBLO','MONCLOVA','MONCLOVA','COAHUILA','MEXICO','25730','','CONSTRUCTORACOAR@GMAIL.COM','','','',1),(1011,'GILBERTO CABRALES FLORES','CAFG720204U88','LOURDES ROBLES','100','','','MARIELENA HERNANDEZ','CHIHUAHUA','CHIHUAHUA','CHIHUAHUA','MEXICO','31137','','servicioscaf2011@hotmail.com','','','',1),(1012,'JOSE LUIS CAREAGA GARZA','CAGL650203E2A','EPIFANIO RAMOS','225 SUR','','','CENTRO','SABINAS','SABINAS','COAHUILA','MEXICO','26700','','jlcareaga@hotmail.com','','','',1),(1013,'ELI NORBERTO CANTU HERNANDEZ','CAHE810308292','SAN ILDEFONSO','5751','2','','VISTA SOL','GUADALUPE','GUADALUPE','NEVO LEON','MEXICO','64128','','','','','',1),(1014,'CEPILLOS Y ARTICULOS INDUSTRIALES INTERNACIONALES S.A. DE .C.V.','CAI020208H16','TEHUACAN','100','','','AZTECA','MONCLOVA','MONCLOVA','COAHUILA','MEXICO','25756','','','','','',1),(1015,'CLAUDIA ELIZABETH CARRIZALES JACOBO','CAJC850609C51','PRIV. CASAS BLANCAS','313','INTERIOR A','','OCCIDENTAL','MONCLOVA','MONCLOVA','COAHUILA','MEXICO','25641','','JAVALVILLA22@OUTLOOK.COM','','7556','',1),(1016,'LORENA GUADALUPE CHAVEZ PEÑA','CAPL6508303K1','FRANCISCO MARQUEZ','1706','','','FRACC, AGUILAR','MONCLOVA','MONCLOVA','COAHUILA','MEXICO','25760','','CHAVEZLORENA1965@hotmail.com','','','',1),(1017,'CARVIMX S.A. DE C.V.','CAR0602089X8','JUAREZ','303-B','','','ZONA CENTRO','FRONTERA','FRONTERA','COAHUILA','MEXICO','25600','','','','','',1),(1018,'COLEGIO BILINGUE IMPACTANDO VIDAS A.C.','CBI1107187W2','ZARAGOZA','411 SUR','','','ZONA CENTRO','MONCLOVA','MONCLOVA','COAHUILA','MEXICO','25700','','VENTAS1@GNUMONCLOVA.NET','','','',1),(1019,'COISA CONSULTORES INDUSTRIALES','CCI121218EY3','AV MONTERREY','913','','','GUADALUPE','MONCLOVA','MONCLOVA','COAHUILA','MEXICO','25750','','','','0811','',1),(1020,'CYMA CONSTRUCCIONES Y MANTENIMIENTO S.A. DE C.V.','CCM961022347','ENSENADA','214-A','','','MITRAS CENTRO','MONTERREY','MONTERREY','NUEVO LEON','MEXICO','64460','','ARQSOSA.CYMA@GMAIL.COM','','','',1),(1021,'CONSTRUCTORA Y COMERCIALIZADORA DEL NORESTE S.A. DE C.V.','CCN911113GK5','LOTE 31-A','S/N','','','CURVA DE JUAN SANCHEZ','MONCLOVA','MONCLOVA','COAHUILA','MEXICO','25785','','','','8373','',1),(1022,'COSE DE COAHUILA SA DE CV','CCO1501135R5','RIO USUMACINTA','2731','','','BRISAS DEL VALLE','MONCLOVA','MONCLOVA','COAHUILA','MEXICO','25724','','COSEDECOAHUILA@GMAIL.COM','','','',1),(1023,'GILBERTO CEDILLO ALMAGUER','CEAG6503083G2','MATAMOROS','438','','','ZONA CENTRO','MONCLOVA','MONCLOVA','COAHUILA','MEXICO','25700','','','','','',1),(1024,'COMERCIALIZADORA ECOHEAT S.A. DE C.V.','CEC0804225T9','AV. SAN MIGUEL','283-82','','','SAN JUAN DE OCOTAN','GUADALAJARA','GUADALAJARA','JALISCO','MEXICO','45019','','','','','',1),(1025,'VALENTIN CENICEROS CUEVAS','CECV7302074N7','AV. EL POTRERO','1509-A','','','AMPLIACION LAS FLORES','MONCLOVA','MONCLOVA','COAHUILA','MEXICO','25770','','','','','',1),(1026,'COMERCIALIZADORA ELIZONDO-CASTRO S.A. DE C.V.','CEL150320A63','Almendras','105','','','COLONIA DEL RIO','MONCLOVA','MONCLOVA','COAHUILA','MEXICO','25748','','COMERCIALIZADORAELCA@GMAIL.COM','','','',1),(1027,'CONSTRUCCIONES Y FABRICACIONES MAJOMA S.A. DE C.V.','CFM0808261R6','SEVILLA','410','','','ZONA CENTRO','MONCLOVA','MONCLOVA','COAHUILA','MEXICO','25700','','','','','',1),(1028,'CENTRAL FERRETERA DEL NORTE S.A DE C.V','CFN681010C96','VENUSTIANO CARRANZA','110 OTE','','','ZONA CENTRO','MONCLOVA','MONCLOVA','COAHUILA','MEXICO','25700','','recepcionfacturas@hotmail.es','','','',1),(1029,'CONSTRUCTORA FUENTES VELASCO S. DE R.L. DE C.V.','CFV061115S47','JOHN F. KENNEDY','109','','','EL PUEBLO','MONCLOVA','MONCLOVA','COAHUILA','MEXICO','25730','','OBRACIVIL_2000@HOTMAIL.COM','','','',1),(1030,'COMBUSTIBLES Y GASES DE ACUÑA S.A. DE C.V.','CGA0312012P6','J.F. BRITTINGHAM','194-H','','','CD. INDUSTRIAL','TORREON','TORREON','COAHUILA','MEXICO','25019','','','','','',1),(1031,'CONSTRUCTORA HRBM S. DE R.L. DE C.V.','CHR1411017T1','HONDURAS','602','','','GUADALUPE','MONCLOVA','MONCLOVA','COAHUILA','MEXICO','25750','','NOHELY.ORTIZ.90@HOTMAIL.COM','','6870','',1),(1032,'CG INSPECTION & SERVICES S.A. DE C.V.','CIA140221913','CLAVEL','1603','','','LOS BOSQUES','MONCLOVA','MONCLOVA','COAHUILA','MEXICO','25716','','','','7056','',1),(1033,'HECTOR ALEJANDRO CIPRIANO GONZALEZ','CIGH540228955','LIB. CARLOS SALINAS DE GORTARI','100','','','VALLE VERDE','FRONTERA','FRONTERA','COAHUILA','MEXICO','25643','','','','','',1),(1034,'CONSORCIO  INMOBILIARIO JPS, S.A. DE C.V.','CIJ1003035H9','SAN MIGUEL','301','3','','TELEFONISTA','MONCLOVA','MONCLOVA','COAHUILA','MEXICO','25758','','cze000701@hotmail.com','','','',1),(1035,'CONSORCIO  INMOBILIARIO JPS, S.A. DE C.V.','CIJ1003065H9','SAN MIGUEL','301','3','','TELEFONISTAS','MONCLOVA','MONCLOVA','COAHUILA','MEXICO','25758','','cze000701@hotmail.com','','','',1),(1036,'CONSTRUCTORA INDUSTRIAL DE MONCLOVA S.A. DE C.V.','CIM850211KR6','CARRETERA 57','KM 1056','','','ASTURIAS','MONCLOVA','MONCLOVA','COAHUILA','MEXICO','25790','','','','','',1),(1037,'CIVIL INC S.A. DE C.V.','CIN130319MU3','REPUBLICA DE CHILE','1200','','','GUADALUPE','MONCLOVA','MONCLOVA','COAHUILA','MEXICO','25750','','ANTONIO.ARIZPE@YAHOO.COM.M','','','',1),(1038,'CONSTRUCTORA INDUSTRIAL SIGA S.A. DE C.V.','CIS060331NN7','AVE. FLORES MAGON','1319','','','TEOCALLI','MONCLOVA','MONCLOVA','COAHUILA','MEXICO','25717','','','','','',1),(1039,'CONSEJO DE LA JUDICATURA FEDERAL','CJF950204TL0','INSURGENTES SUR','2417','','','SAN ANGEL','DELEGACION ALVARO OBREGON','DELEGACION ALVARO OBREGON','CIUDAD DE MEXICO','MEXICO','01000','','','','','',1),(1040,'CGN LOTO SC','CLO1412108N2','HONDURAS','601','','','GUADALUPE','MONCLOVA','MONCLOVA','COAHUILA','MEXICO','25750','','LOTOCONSULTORES@GMAIL.COM','','','',1),(1041,'CONSTRUCTORA LUXUR S.A. DE C.V.','CLU040503J28','BLVD  JUAREZ','414','','','PALMA','MONCLOVA','MONCLOVA','COAHUILA','MEXICO','25730','','JESUSAGUAYO@PRODIGY.NET.MX','','','',1),(1042,'COMERCIALIZADORA MAAS S.A DE C.V.','CMA090708FI5','PEDRO CHAVOLLA','121','2','','CENTRO','LA PIEDAD','LA PIEDAD','MICHOACAN','MEXICO','59300','','','','','',1),(1043,'CONSTRUCCIONES Y MANTENIMIENTO HML S.A. DE C.V.','CMH1104289B8','CUAHUTEMOC','1614','A','','JARDINES DEL VALLE','MONCLOVA','MONCLOVA','COAHUILA','MEXICO','25730','','facturashml@hotmail.com','','9018','',1),(1044,'CENTRO MEDICO QUIRURGICO SAN MARTIN S.A DE C.V.','CMQ8705126I2','VENUSTIANO CARRANZA','223','','','ZONA CENTRO','MONCLOVA','MONCLOVA','COAHUILA','MEXICO','25700','','','','5660','',1),(1045,'FRANCISCO CORREA DURON','CODF6906187J5','V. CARRANZA','212 OTE','','','CENTRO','MONCLOVA','MONCLOVA','COAHUILA','MEXICO','25700','','correaduron@hotmail.com','','','',1),(1046,'JUAN ANTONIO CORTES GARZA','COGJ600114DF7','3A AVENIDA','406','','','GARZA CANTU','SAN NICOLAS DE LOS GARZA','SAN NICOLAS DE LOS GARZA','NUEVO LEON','MEXICO','66480','','','','','',1),(1047,'EMILCE GUADALUPE CORTES GAYTAN','COGX840220MY9','BLVD. FRANSISCO I MADERO','137','','','ZONA CENTRO','MONCLOVA','MONCLOVA','COAHUILA','MEXICO','25700','','','','','',1),(1048,'MARIA ANTONIETA CORTES HIPOLITO','COHA851010PB1','ZARAGOZA','13','','','ZONA CENTRO','MORELOS','MORELOS','COAHUILA','MEXICO','26500','','','','','',1),(1049,'EUSEBIO CORONADO HERNANDEZ','COHE620604P82','AVENIDA FERROCARRIL','720','','','INDEPENDECIA NORTE','MONCLOVA','MONCLOVA','COAHUILA','MEXICO','25870','','COHE62@HOTMAIL.COM','','','',1),(1050,'BRAILOSKY COBARRUBIAS MANCHA','COMB890609E28','PANFILO NATERA','1297','','','SAN FRANCISCO','MONCLOVA','MONCLOVA','COAHUILA','MEXICO','25720','','','','','',1),(1051,'DAVID COTA MURRIETA','COMD9012095V2','RIO CONCHOS','154','','','BRISAS DEL VALLE','MONCLOVA','MONCLOVA','COAHUILA','MEXICO','25724','','','','','',1),(1052,'CIA CONSTRUCTORA Y COMERCIALIZADORA SA DE CV','COO9508223N5','LA CRUZ','304','','','LA SIERRITA','FRONTERA','FRONTERA','COAHUILA','MEXICO','25628','','angelsolar_52@hotmail.com','','','',1),(1053,'JORGE ARMANDO CORONADO PEREZ','COPJ7411232L1','AV. INDUSTRIAL','605','','','DEPORTIVO','MONCLOVA','MONCLOVA','COAHUILA','MEXICO','25756','','','','','',1),(1054,'MONICA ELIZABETH CORREA QUINTERO','COQM7306198EA','PASEO UNIFICACION','927','','','PRADERAS DEL SUR','MONCLOVA','MONCLOVA','COAHUILA','MEXICO','25799','','','','','',1),(1055,'FERNANDO CORTEZ TRINIDAD','COTF500228IJ6','PANFILO NATERA','1107','','','SAN FRANCISCO','MONCLOVA','MONCLOVA','COAHUILA','MEXICO','25720','','','','','',1),(1056,'COMERCIALIZADORA PEPSICO MEXICO S. DE R.L. DE C.','CPM110719SG3','CALZADA VALLEJO','734','','','COLTONGO','DELEGACION AZCAPOTZALCO','DELEGACION AZCAPOTZALCO','D.F.','MEXICO','62630','','MONCLOVA.SUCNTE@PEPSICO.COM','','','',1),(1057,'COMERCIALIZADORA Y PRESTADORA DE SERVICIOS JLG S.A. DE C.V.','CPS0707113U7','CARRETERA 30','S/N','','','A LA ALTURA DE KM 7','FRONTERA','FRONTERA','COAHUILA','MEXICO','25601','','hotelcolonialsanjorge@hotmail.com','','','',1),(1058,'CREATIVOS PUBLICIDAD VISUAL S.A. DE C.V.','CPV100224GG6','MARIANO MATAMOROS','665-1','','','SALTILLO CENTRO','SALTILLO','SALTILLO','COAHUILA','MEXICO','25000','','','','','',1),(1059,'CONSTRUCCIONES Y REPRESENTACIONES ESPECIALIZADAS DE MONCLOVA S.A. DE C.V.','CRE9306164J5','CALLE PRIMERA','1411','','','CD. DEPORTIVA','MONCLOVA','MONCLOVA','COAHUILA','MEXICO','25750','','','','','',1),(1060,'COMERCIALIZACION Y REPRESENTACIONES INDUSTRIALES S.A. DE C.V.','CRI880423QBA','AVE. CUAUHTEMOC','1401','','','ANAHUAC','','MONCLOVA','COAHUILA','MEXICO','25750','','cosedecoahuila@gmail.com','','','',1),(1061,'CONSTRUCTORA Y REPRESENTACIONES DEL NORTE S.A. DE C.V.','CRN121012RR5','VILLA VERDE','623','','','PREDERAS DEL SUR 3ER. SECTOR','MONCLOVA','MONCLOVA','COAHUILA','MEXICO','25799','','','','','',1),(1062,'CIA CONSTRUCTORA RODER S.A. DE C.V.','CRO120124631','CARRETERA 57 KM 176.5','','','','CALIFORNIA','CASTAÑOS','CASTAÑOS','COAHUILA','MEXICO','25870','','','','','',1),(1063,'CHUMACERAS Y RODAMIENTOS S.A. DE C.V.','CRO880422LG7','OCAMPO Y JESUS SILVA','213','','','ZONA CENTRO','MONCLOVA','MONCLOVA','COAHUILA','MEXICO','25700','','','','6002','',1),(1064,'CONSTRUCCIONES Y SUPERVISIÓN INDUSTRIAL, S.A. DE C.V.','CSI060627LE5','AVENIDA INDUSTRIAL','1502','','','ZONA INDUSTRIAL','MONCLOVA','MONCLOVA','COAHUILA','MEXICO','25750','','plopez@credinor.com.mx','','','',1),(1065,'CONSTRUCTORA Y SERVICIOS DE MONCLOVA S.A DE C.V','CSM0101209Q7','VICTORIA','1101 NTE','','','MUNDO NUEVO','PIEDRAS NEGRAS','PIEDRAS NEGRAS','COAHUILA','MEXICO','26010','','','','','',1),(1066,'CONSTRUCTORA Y SERVICIOS OSMAN, SA. DE C.V.','CSO890429DC3','AV. MONTERREY','1126','','','GUADALUPE','MONCLOVA','MONCLOVA','COAHUILA','MEXICO','25750','','','','2017','',1),(1067,'FIDEL CRUZ GARCIA','cugf610722tu5','LIBERTAD SUR','410','','','ZONA CENTRO','MONCLOVA','MONCLOVA','COAHUILA','MEXICO','25700','','ANTONIO.ARIZPE@YAHOO.COM.MX','','','',1),(1068,'VICTOR ANTONIO CRUZ GUTIERREZ','CUGV731022IU2','CALLE 28','1028','','','TIERRA Y LIBERTAD','MONCLOVA','MONCLOVA','COAHUILA','MEXICO','25740','','','','','',1),(1069,'VICTOR MANUEL DAVILA GUAJARDO','DAGV680728AQ7','BOULEVARD HAROLD R. PAPE','2120','','','SANTA ISABEL','MONCLOVA','MONCLOVA','COAHUILA','MEXICO','25732','','MADERASBLVD@PRODIGY.NET.MX','','','',1),(1070,'DELPHI DIESEL SYSTEMS S. DE R.L. DE C.V.','DDS8901011C3','BOULEVARD ISIDRO LOPEZ ZERTUCHE','4248','','','VIRREYES OBRERA','MONCLOVA','MONCLOVA','COAHUILA','MEXICO','25220','','','','','',1),(1071,'ELIZANDRO DELGADO GONZALEZ','DEGE580425VE6','DOMICILIO CONOCIDO','S/N','','','EJIDO EL HUIZACHAL','NADADORES','NADADORES','COAHUILA','MEXICO','27565','','','','','',1),(1072,'OMAR DELGADO PEREZ','DEPO761130UW6','BLVD. OSCAR FLORES TAPIA','','801','','SANTA LUCIA','MORELOS','MORELOS','COAHUILA','MEXICO','26500','','','','','',1),(1073,'RICARDO DIAZ CUELLAR','DICR7304065L1','BLVD. FRANCISCO I. MADERO ENTRE RIO DE JANEIRO Y WASHINGTON','602','','','GUADALUPE','MONCLOVA','MONCLOVA','COAHUILA','MEXICO','25750','','','','','',1),(1074,'DAVID DIAZ GARCIA','DIGD771126C17','PASEO DE LOS CHOPOS','465','A','','MIRAVALLE 3','MONCLOVA','MONCLOVA','COAHUILA','MEXICO','25750','','DAVIDMAGIC@HOTMAIL.COM','','','',1),(1075,'DESARROLLO INMOBILIARIO JP, S.A. DE C.V.','DIJ070414F49','SAN MIGUEL','301','3','','TELEFONISTAS','MONCLOVA','MONCLOVA','COAHUILA','MEXICO','25758','','CZE000701@HOTMAIL.COM','','','',1),(1076,'MAURO DAVID DIAZ DE LEON MARTINEZ','DIMM8501299H6','22','1323','','','EMILIANO ZAPATA','MONCLOVA','MONCLOVA','COAHUILA','MEXICO','25740','','','','NO IDENTIFICADO','',1),(1077,'DIGGITALERA MARKETING S. DE R.L. DE C.V.','DMA121220LI1','GALILEO','20','102','','POLANCO','CHAPULTEPEC','CHAPULTEPEC','MEXICO D.F.','MEXICO','11560','','','','','',1),(1078,'JORGE FERNANDO DOUNCE ALVAREZ TOSTADO','DOAJ800331TL2','RIO ORINCO','154-A PTE','','','DEL VALLE','SAN PEDRO GARZA GARCIA','SAN PEDRO GARZA GARCIA','NUEVO LEON','MEXICO','66220','','doalto.mty@gmail.com','','','',1),(1079,'DESARROLLO RESIDENCIAL ALCAS DE MONCLOVA S.A. DE C.V.','DRA110524Q51','LA PAZ','118','','','EL PUEBLO','MONCLOVA','MONCLOVA','COAHUILA','MEXICO','25730','','ANTONIO.ARIZPE@YAHOO.COM.MX','','','',1),(1080,'EDIFICACION ALPINE S.A. DE C.V.','EAL12112978A','MIGUEL BLANCO','520','','','ZONA CENTRO','MONCLOVA','MONCLOVA','COAHUILA','MEXICO','25600','','alpine.santos@gmail.com','','','',1),(1081,'ABRAHAM ESTRADA SALDAÑA','EASA720922822','PUEBLA','547','','','ZONA CENTRO','SAN BUENAVENTURA','SAN BUENAVENTURA','COAHUILA','MEXICO','25500','','','','','',1),(1082,'ELECTRICIDAD Y AUTOMATIZACION EYA S.A DE C.V','EAU150120BN8','MIGUEL RAMOS ARIZPE','615','','','CARRANZA','MONCLOVA','MONCLOVA','COAHUILA','MEXICO','25760','','','','','',1),(1083,'ELECTRO DISTRIBUIDORA DIAZ S.A DE C.V.','EDD760614PL0','AV. V CARRANZA','102 PTE','','','ZONA CENTRO','MONCLOVA','MONCLOVA','COAHUILA','MEXICO','25700','','contaeddsa@hotmail.com','','','',1),(1084,'ESPACIO EDITORIAL COAHUILENSE S.A. DE C.V.','EEC951113JD9','CHIHUAHUA','506','','','REPUBLICA','SALTILLO','SALTILLO','COAHUILA','MEXICO','25265','','','','','',1),(1085,'ENERTECH FABRICACIONES SA DE CV','EFA5301238Y6','AV. INDUSTRIAL','3160','','','FRACC. INDUSTRIAL','MONCLOVA','MONCLOVA','COAHUILA','MEXICO','25760','','','','','',1),(1086,'ELECTRO ILUMINACION DIAZ, S.A. DE C.V.','EID980108T8A','V. CARRANZA','301','','','ZONA CENTRO MONCLOVA','MONCLOVA','MONCLOVA','COAHUILA','MEXICO','25700','','','','','',1),(1087,'LUIS ENRIQUEZ MENDEZ','EIML880125CJ4','AYUTLA','1112','','','OCCIDENTAL','FRONTERA','FRONTERA','COAHUILA','MEXICO','25640','','industrialenriquez@gmail.com','','','',1),(1088,'JUAN ALBINO ELIZONDO SANCHEZ','EISJ840906GFA','AV. LUCIO BLANCO','1118','','','CAÑADA DEL NORTE MONCLOVA JOSE R ROMERO Y RAFAEL F','MONCLOVA','MONCLOVA','COAHUILA','MEXICO','25760','','SUPERLAHACIENDAMIRAVALLE@HOTMAIL.COM','','','',1),(1089,'EMPACADORA KACER S.A. DE C.V.','EKA960124LW6','GUERRERO','906 OTE','','','ZONA CENTRO','MORELOS','MORELOS','COAHUILA','MEXICO','26500','','','','','',1),(1090,'EQUIPMENT RENTAL & SERVICES SAN LORENZO S.A. DE C.V.','ERA151027CB1','BLVD. HAROLD R. PAPE','2102','','','SANTA ISABEL','MONCLOVA','MONCLOVA','COAHUILA','MEXICO','25732','','ersanlorenzo@hotmail.com','','','',1),(1091,'ESTACION DE SERVICIO EL CRUCERO SA DE CV','ESC630720SZ9','BLVD HAROLD R. PAPE','916','','','GUADALUPE','MONCLOVA','MONCLOVA','COAHUILA','MEXICO','25750','','','','','',1),(1092,'ALEJANDRA ESQUIVEL FERNANDEZ','EUFA771026QE1','JUAREZ','37','','','CENTRO','MORELOS','MORELOS','COAHUILA','MEXICO','26500','','contraloriaodel@gmail.com','','','',1),(1093,'JORGE ALBERTO FRANCO ANAYA','FAAJ820517RH7','ALAMO','1000','','','23 DE ABRIL','MONCLOVA','MONCLOVA','COAHUILA','MEXICO','25740','','ANTONIO.ARIZPE@YAHOO.COM.MX','','','',1),(1094,'CARLOS ROMEO FALCON FLORES','FAFC791020C63','PROL. DE LA FUENTE','776','','','PEQUEÑOS GRANJEROS','SAN BUENAVENTURA','SAN BUENAVENTURA','COAHUILA','MEXICO','25500','','','','','',1),(1095,'WILFREDO FALCON FRANCO','FAFW760513I28','ORIENTAL','139','','','GUADALUPE BORJA DE DIAZ ORDAZ','FRONTERA','FRONTERA','COAHUILA','MEXICO','25680','','','','','',1),(1096,'FRIGORIFICO Y COMERCIALIZADORA DE CARNES DE COAHUILA S.A DE C.V.','FCC980116GX1','CARRETERA 57 KM 7.5','25830','','','ESTANCIAS DE SAN JUAN BAUTISTA','MONCLOVA','MONCLOVA','COAHUILA','MEXICO','','','','','','',1),(1097,'FOMENTO EDUCATIVO Y CULTURAL FRANCISCO DE IBARRA A.C.','FEC920212PB9','AV. UNIVERIDAD AUTONOMA DE DURANGO','300','','','JARDINES DE DURANGO','DURANGO','DURANGO','DURANGO','MEXICO','34200','','','','','',1),(1098,'FOMENTO EDUCATIVO DE MONCLOVA A.C.','FEM891010MP0','CHIHUAHUA Y WASHINGTON','700','','','GUADALUPE','MONCLOVA','MONCLOVA','COAHUILA','MEXICO','25750','','','','','',1),(1099,'FERREMATERIALES HC DE MONCLOVA  SA. DE CV.','FHM110303N55','EJERCITO NACIONAL','124','A   LOCAL 5','','EL PUEBLO','MONCLOVA','MONCLOVA','COAHUILA','MEXICO','25730','','','','','',1),(1100,'ANA MARIA FRIAS REYES','FIRA480728890','MIGUEL BLANCO','222','C','','CENTRO','MONCLOVA','MONCLOVA','COAHUILA','MEXICO','25700','','anamafri03@hotmail.com','','','',1),(1101,'LUIS MIGUEL FLORES GONZALEZ','FOGL8604039X1','DALIAS','3113','','','ELSA HERNANDEZ','MONCLOVA','MONCLOVA','COAHUILA','MEXICO','25725','','luismfg034@gmail.com','','','',1),(1102,'MOISES FLORES MALDONADO','FOMM581012LUA','NICOLAS BRAVO','347','','','LEANDRO VALLE','MONCLOVA','MONCLOVA','COAHUILA','MEXICO','25718','','','','','',1),(1103,'HECTOR EDUARDO FLORES RODRIGUEZ','FORH660111611','SABATINA','1300','','','FRACC. TEOCALLI','MONCLOVA','MONCLOVA','COAHUILA','MEXICO','25717','','','','','',1),(1104,'FUNDACION RAFAEL DONDÉ IAP','FRD1907237E7','MONTE DE PIEDAD','3','','','CENTRO','DELEGACION CUAUHTEMOC','DELEGACION CUAUHTEMOC','MEXICO D.F.','MEXICO','06000','','','','','',1),(1105,'FABRICACIONES Y SERVICIOS DE MEXICO S.A. DE C.V.','FSM960315HU0','CARRETERA 57','KM 178','','','CALIFORNIA','CASTAÑOS','CASTAÑOS','COAHUILA','MEXICO','25870','','','','9272','',1),(1106,'FABRICACIONES TRITON DE MEXICO S.A. DE C.V.','FTM990123KL3','MANUEL ACUÑA','1128','','','ESTANCIAS DE SAN JUAN BAUTISTA','MONCLOVA','MONCLOVA','COAHUILA','MEXICO','25733','','0','','','',1),(1107,'JOSE AMANDO FUENTES FLORES','FUFA801024RN0','ALTAMIRANO','125','','','ZONA CENTRO','MONCLOVA','MONCLOVA','COAHUILA','MEXICO','25700','','','','','',1),(1108,'JOSE AMANDO FUENTES GONZALEZ','FUGA620319I16','ALTAMIRANO','125','','','ZONA CENTRO','MONCLOVA','MONCLOVA','COAHUILA','MEXICO','25700','','','','','',1),(1109,'GUDELIO GARZA ARREDONDO','GAAG670826EX2','MORELOS','S/N','','','CENTRO','ZARAGOZA','ZARAGOZA','COAHUILA','MEXICO','26450','','','','','',1),(1110,'JOSE CELESTINO GARZA DURAN','GADC76061597A','PRIV. TAMAULIPAS','111-B','','','ZONA CENTRO','FRONTERA','FRONTERA','COAHUILA','MEXICO','25600','','','','','',1),(1111,'ISMAEL GARZA DELGADO','GADI78072933A','MOCTEZUMA','117','','','EL PUEBLO','MONCLOVA','MONCLOVA','COAHUILA','MEXICO','25730','','isma_garza@hotmail.com','','4574','',1),(1112,'DENISSE ELIZDE GARZA ESCAMILLA','GAED820227T31','RIO NAZAS','104','','','SANTA EULALIA','MONCLOVA','MONCLOVA','COAHUILA','MEXICO','25790','','erneroc@calcimp.com','','','',1),(1113,'REGINALDO ALFONSO GARZA FRANCO','GAFR8703243DA','AVENIDA SIETE','2650','','','BRISAS DEL VALLE','MONCLOVA','MONCLOVA','COAHUILA','MEXICO','25724','','','','','',1),(1114,'JOSE ANGEL GARZA GAYTAN','GAGA781214FX7','JUAREZ','766','A','','ZONA CENTRO','MONCLOVA','MONCLOVA','COAHUILA','MEXICO','25700','','MARCANTONI_69@HOTMAIL.COM','','','',1),(1115,'ALFONSO GARZA JIMENEZ','GAJA560617RM8','MOCTEZUMA','117','','','EL PUEBLO','MONCLOVA','MONCLOVA','COAHUILA','MEXICO','25730','','','','0','',1),(1116,'GRUAS ALMERAZ S.A. DE C.V.','GAL150421AT7','PRIVADA SAN BUENAVENTURA','3','','','10 DE MAYO','FRONTERA','FRONTERA','COAHUILA','MEXICO','25668','','GRUASALMERAZ1@HOTMAIL.COM','','0','',1),(1117,'JOSE LUIS GARCIA NORIEGA','GANL541121PB6','VICTORIANO CEPEDA','718','','','OCCIDENTAL','FRONTERA','FRONTERA','COAHUILA','MEXICO','25640','','mbgarcia_80@hotmail.com','','0','',1),(1118,'LUIS ENRIQUE GARZA PUENTE','GAPL7207036B4','JUAREZ','720','','','ZONA CENTRO','SAN BUENAVENTURA','SAN BUENAVENTURA','COAHUILA','MEXICO','25500','','','','0','',1),(1119,'GRUPO BESCO S.A. DE C.V.','GBE101207523','SALVADOR ALVARADO','12','INT 100','','HIPODROMO DE LA CONDESA','CIUDAD DE MEXICO','DELEGACION CUAUHTEMOC','DISTRITO FEDERAL','MEXICO','06170','','oleon@besco.com.mx','','0','',1),(1120,'GRUPO BREMCO S DE RL DE CV','GBR120917FZ6','MARIANO ESCOBEDO','359','','','ZONA CENTRO','RAMOS ARIZPE','RAMOS ARIZPE','COAHUILA','MEXICO','25900','','','','0','',1),(1121,'GAS CASTAÑOS S.A. DE C.V.','GCA950704M3A','CARR. FEDERAL 57','KM 172.8','','','LIBERTAD','CASTAÑOS','CASTAÑOS','COAHUILA','MEXICO','25870','','','','0','',1),(1122,'GRUAS CHAVEZ S.A DE C.V.','GCH870619QU8','CARR. A CANDELA KM 5','100','','','SALITRILLOS','MONCLOVA','MONCLOVA','COAHUILA','MEXICO','25851','','','','0','',1),(1123,'GRUPO CONSTRUCTOR MACIAS, S. DE R.L.','GCM061011JZ3','LIBRAMIENTO CARLOS SALINAS DE GORTARI','103','','','BENAVIDES','MONCLOVA','MONCLOVA','COAHUILA','MEXICO','25760','','JAVALVILLA22@HOTMAIL.COM','','0','',1),(1124,'GRUPO CONSTRUCTOR SOLIS LOPEZ S.A. DE C.V.','GCS120416A4A','AGUA MARINA','336','','','COLONIAS DE SAN JAVIER','LAGOS DE MORENO','LAGOS DE MORENO','JALISCO','MEXICO','47463','','','','0','',1),(1125,'GOBIERNO DEL ESTADO DE COAHUILA DE ZARAGOZA','GEC890714J68','CASTELAR','S/N','','','ZONA CENTRO','SALTILLO','SALTILLO','COAHUILA','MEXICO','25000','','ALFIOVEGA@HOTMAIL.COM','','0','',1),(1126,'G.S.S.A. GRUPO DE SEGURIDAD PRIVADA S.A. DE C.V.','GGS140517AB3','PRIVADA FICUS','1022','','','CONTRY','MONCLOVA','MONCLOVA','COAHUILA','MEXICO','25720','','CONTACTO@GSSA.MX','','0','',1),(1127,'JESUS SALVADOR GIL BENAVIDES','GIBJ640213SP1','GUADALAJARA','604','','','GUADALUPE','MONCLOVA','MONCLOVA','COAHUILA','MEXICO','25750','','','','0','',1),(1128,'GAS IDEAL DE COAHUILA S.A. DE C.V.','GIC790123HT0','CARRETERA 57','KM 1060','','','ASTURIAS','MONCLOVA','MONCLOVA','COAHUILA','MEXICO','25790','','','','0','',1),(1129,'GRUPO INMOBILIARIO LOPSO','GIL070202874','RUFINO TAMAYO','13','494','','ALPES NORTE','SALTILLO','SALTILLO','COAHUILA','MEXICO','25270','','','','0','',1),(1130,'GASIFICADORA DE MONCLOVA, S.A. DE C.V.','GMO870311442','CARRETERA 57 KM 1059','','','','EVA SAMANO','MONCLOVA','MONCLOVA','COAHUILA','MEXICO','25790','','','','0','',1),(1131,'GRUAS DEL NORTE S.A. DE C.V.','GNO801118PN8','PIERRE LOTI','100','','','COLINAS DE SAN JERONIMO','MONTERREY','MONTERREY','NUEVO LEON','MEXICO','64630','','','','0','',1),(1132,'MAURICIO GOMEZ DIAZ','GODM760703JM7','CUAUHTEMOC','305','','','ZONA CENTRO','MONCLOVA','MONCLOVA','COAHUILA','MEXICO','25700','','','','0','',1),(1133,'MARIANA GONZALEZ ESPINOZA','GOEM871103V29','VALLE DEL SOL','1306','','','PRADERAS DEL SUR','MONCLOVA','MONCLOVA','COAHUILA','MEXICO','25790','','','','0','',1),(1134,'NINFA MARGARITA GOMEZ LIMAS','GOLN751230H84','JOSE MUSA DE LEON','2201 - 4','PLAZA JEZNE','','LOS PINOS','SALTILLO','SALTILLO','COAHUILA','MEXICO','25198','','ninfagomez@hotmail.com','','0','',1),(1135,'ANGEL FRANCISCO GONZALEZ MILLER','GOMA741005EGA','RENACIMIENTO','204','','','ZONA CENTRO','FRONTERA','FRONTERA','COAHUILA','MEXICO','25600','','angelfmiller@gmail.com','','0','',1),(1136,'ANA GABRIELA GONZALEZ PEREZ','GOPA800829NW4','SANCHEZ CARDENAS','619','','','PIPILA','MONCLOVA','MONCLOVA','COAHUILA','MEXICO','25748','','','','0','',1),(1137,'GARANTIA RADIOGRAFICA E INGENIERIA, S.A. DE C.V.','GRI9810129P3','SABINOS','803','','','CAMPESTRE LOS ANGELES','MONCLOVA','MONCLOVA','COAHUILA','MEXICO','25710','','','','0','',1),(1138,'GRUPO SAYAN S.A. DE C.V.','GSA050921PD5','VALENTIN CANALIZO','2423','','','PEDRO LOZANO','MONTERREY','MONTERREY','NUEVO LEON','MEXICO','64000','','','','0','',1),(1139,'GRUAS SIBA S.A. DE C.V.','GSI151124FX2','DE LOS HORNOS','1204-A','','','FRACC. INDUSTRIAL','FRONTERA','FRONTERA','COAHUILA','MEXICO','25618','','','','0','',1),(1140,'GAS TOTAL S.A. DE C.V.','GTO040212K3A','CARLOS SALINAS DE GORTARI KM 11600','','','','OCCIDENTAL','FRONTERA','FRONTERA','COAHUILA','MEXICO','25640','','','','0','',1),(1141,'JAVIER GUTIERREZ CANTU','GUCJ7907249P4','PRIV. PIPILA','202-3 A','','','ZONA CENTRO','MONCLOVA','MONCLOVA','COAHUILA','MEXICO','25700','','','','0','',1),(1142,'PRISMA GUTIERREZ CANTU','GUCP870524KW5','PRIVADA PIPILA','202','','','ZONA CENTRO','MONCLOVA','MONCLOVA','COAHUILA','MEXICO','25700','','DEPORTESGUTI1@HOTMAIL.COM','','0','',1),(1143,'ERIKA LIZET GUTIERREZ EXIGA','GUEE800925RT3','JESUS SILVA','214','','','ZONA CENTRO','MONCLOVA','MONCLOVA','COAHUILA','MEXICO','25700','','','','0','',1),(1144,'BLANCA ANELIZ GUTIERREZ GONZALEZ','GUGB8901089U7','AV. LOS REYES','1313','','','TECNOLOGICO','MONCLOVA','MONCLOVA','COAHUILA','MEXICO','25716','','RTLV@HOTMAIL.COM','','0','',1),(1145,'HECTOR ROMEO GUTIERREZ GARCIA','GUGH651025RP6','5 DE MAYO','114','','','CENTRO','SABINAS','SABINAS','COAHUILA','MEXICO','26700','','','','0','',1),(1146,'REYNHOLD GUTIERREZ GONZALEZ','GUGR791029GG5','RAMOS ARIZPE','215','','','CENTRO','SAN BUENAVENTURA','SAN BUENAVENTURA','COAHUILA','MEXICO','25500','','','','0','',1),(1147,'MARIA ESTHER GUERRERO QUIROZ','GUQE711110CD9','SN','SN','','','EJIDO SAN JOSE DEL AGUILA','NADADORES','NADADORES','COAHUILA','MEXICO','27550','','','','0','',1),(1148,'ALEJANDRA GUTIERREZ RODRIGUEZ','GURA871016534','CARRETERA FEDERAL NO. 2','670','','','PLAN DE AYALA','NAVA','NAVA','COAHUILA','MEXICO','26183','','','','0','',1),(1149,'GUSTAVO GUTIERREZ SILLER','GUSG6204191X0','PROLONGACION IRLANDA','765','','','VILLA OLIMPICA','SALTILLO','SALTILLO','COAHUILA','MEXICO','25230','','','','0','',1),(1150,'JUAN NASIP HARB KARAM','HAKJ460910F90','V.CARRANZA','612','2','','ZONA CENTRO','MONCLOVA','MONCLOVA','COAHUILA','MEXICO','25700','','','','0','',1),(1151,'VICTOR NASIP HARB KARAM','HAKV531218DF3','V. CARRANZA','612-2 OTE ALTOS','','','ZONA CENTRO','MONCLOVA','MONCLOVA','COAHUILA','MEXICO','25700','','claudiapatriciasanchez@hotmail.com','','0','',1),(1152,'HEVIL CONSTRUCCIONES S.A. DE C.V.','HCO100126278','EJERCITO NACIONAL','124-A','','','EL PUEBLO','MONCLOVA','MONCLOVA','COAHUILA','MEXICO','25730','','HEVILCONSTRUCCIONES@HOTMAIL.COM','','0','',1),(1153,'SOFIA HERNANDEZ AGUERO','HEAS670925120','PRIV NAVARRETE','1404','','','EL PUEBLO','MONCLOVA','MONCLOVA','COAHUILA','MEXICO','25730','','ANTONIO.ARIZPE@YAHOO.COM.MX','','0','',1),(1154,'EUGENIO HERNANDEZ CANTU','HECE8812144A0','PRIVADA MARIA CURIE','101','1','','ESTANCIAS DE SAN JUAN BAUTISTA','MONCLOVA','MONCLOVA','COAHUILA','MEXICO','25733','','GLODO_001@HOTMAIL.COM','','0','',1),(1155,'JAIME HERNANDEZ ESPINOZA','HEEJ761014GK8','PUERTO ALVARADO','E-7 M-4 D-5','','','EL PALMAR','PACHUCA DE SOTO','PACHUCA DE SOTO','HIDALGO','MEXICO','42088','','GERENCIA.OPERACIONES@AMA15.NET','','0','',1),(1156,'DANIEL EVERARDO HERNANDEZ FERNANDEZ','HEFD8111278S5','LAZARO CARDENAS','100','','','LEANDRO VALLE','MONCLOVA','MONCLOVA','COAHUILA','MEXICO','25718','','','','0','',1),(1157,'RAFAEL HERNANDEZ FLORES','HEFR761023196','1ER ANDADOR DE AZTECAS MZ3 LTE 115','','','','EL ROSARIO INFONAVIT','CIUDAD DE MEXICO','AZCAPOTZALCO','DISTRITO FEDERAL','MEXICO','02100','','','','0','',1),(1158,'CESAR URIEL HERNANDEZ SAUCEDA','HESC790810AG0','ALAMO','814','','','FOVISSSTE','MONCLOVA','MONCLOVA','COAHUILA','MEXICO','25720','','cesarul@hotmail.com','','0','',1),(1159,'EULALIO HERNANDEZ SALINAS','HESE460711V93','18 DE MARZO','4000','','','PETROLERA','MONCLOVA','MONCLOVA','COAHUILA','MEXICO','25725','','','','0','',1),(1160,'YULI NOHEMI HERNANDEZ ZUÑIGA','HEZY750319H64','PASEO SANTA CRUZ','204','','','VILLAS DE SANTA ANA','MONCLOVA','MONCLOVA','COAHUILA','MEXICO','25710','','QUETZALCOATL@FACTURANDOENLINEA.COM','','0','',1),(1161,'IRMA GRACIELA HOLMES AGUIRRE','HOAI5811204V4','BLVD. GUSTAVO GALAZ','KM 178 + 200','','','CALIFORNIA','CASTAÑOS','CASTAÑOS','COAHUILA','MEXICO','25870','','','','0','',1),(1162,'CLAUDIA AMANDA DE HOYOS HONSTEIN','HOHC880719MR8','COAHUILA','261','','','CALIFORNIA','CASTAÑOS','CASTAÑOS','COAHUILA','MEXICO','25870','','refaccionesacuario_pra1@hotmail.com','','0','',1),(1163,'ROCIO CAROLINA DE HOYOS MORENO','HOMR910906PN8','GARITA','636','','','ZONA CENTRO','MONCLOVA','MONCLOVA','COAHUILA','MEXICO','25700','','TRANSPORTES-SIERRA@HOTMAIL.COM','','0','',1),(1164,'HOSPEDAJE ZOKY S.A. DE C.V.','HZO091123JH0','HIDALGO','203 NTE.','','','ZONA CENTRO','MONCLOVA','MONCLOVA','COAHUILA','MEXICO','25700','','','','0','',1),(1165,'TOMAS IBARRA DIAZ','IADT850526J47','GUADALAJARA','2','','','CHAPULTEPEC','MONCLOVA','MONCLOVA','COAHUILA','MEXICO','25730','','','','0','',1),(1166,'FERNANDO JOSE INFANTE GARCIA','IAGF6607065I3','BLVD. SAN JOSE','1101','','','HIPODROMO','MONCLOVA','MONCLOVA','COAHUILA','MEXICO','25740','','','','0','',1),(1167,'ANGELICA IBARRA HERNANDEZ','IAHA8303133S0','SEVILLA','910','','','ZONA CENTRO','MONCLOVA','MONCLOVA','COAHUILA','MEXICO','25700','','','','0','',1),(1168,'IGY ALIMENTOS S.A. DE C.V.','IAL161004HQ8','CALZADA XOCHIMILCO','217','','','FRACC. NUEVA CALIFORNIA','TORREON','TORREON','COAHUILA','MEXICO','27089','','','','0','',1),(1169,'JOSE CARLOS IBARRA MARTINEZ','IAMC870515ND7','RAMOS ARIZPE','216','','','BORJA DE DIAZ ORDAZ','FRONTERA','FRONTERA','COAHUILA','MEXICO','25680','','','','0','',1),(1170,'MAURILIO IBARRA PEREZ','IAPM8108308N5','BLVD. BENITO JUAREZ','1103','','','GUADALUPE','MONCLOVA','MONCLOVA','COAHUILA','MEXICO','25750','','','','0','',1),(1171,'ICI ASESORES TECNOLOGIA AMBIENTAL S.A. DE C.V.','IAT080315NX2','APOLO','1510','','','ROMA','MONCLOVA','MONCLOVA','COAHUILA','MEXICO','25710','','','','0','',1),(1172,'INSTITUTO ESTATAL DEL DEPORTE EN COAHUILA DE ZARAGOZA','IED941021H19','CALZADA ANTONIO NARRO Y PERIF. LEA','','','','BELLAVISTA','SALTILLO','SALTILLO','COAHUILA','MEXICO','25060','','','','0','',1),(1173,'INDUSTRIAL ENRIQUEZ S.A. DE C.V.','IEN170505B89','VERACRUZ','617','','','OCCIDENTAL','FRONTERA','FRONTERA','COAHUILA','MEXICO','25640','','','','0','',1),(1174,'IMISA INSTALACIONES MECANICAS INDUSTRIALES S.A DE C.V','IIM020719LN8','AHUIZOTL','1703','','','CD. DEPORTIVA','MONCLOVA','MONCLOVA','COAHUILA','MEXICO','25750','','','','0','',1),(1175,'INGENIERA MECANICA Y CIVIL DE ALTAMIRA S.A DE C.V','IMC100821SX2','POANAS','115','','','VILLAS DEL GUADIANA VI','VICTORIA DE DURANGO','VICTORIA DE DURANGO','DURANGO','MEXICO','34224','','amadorgarzal@gmail.com','','0','',1),(1176,'ICEE DE MEXICO S.A. DE C.V.','IME891002GG2','PRESIDENTES','52','','','PORTALES','DELD. BENITO JUAREZ','DELD. BENITO JUAREZ','CIUDAD DE MEXICO','MEXICO','03300','','','','0','',1),(1177,'INMOBILIARIA MKG S.A. DE C.V.','IMK100605NQ4','CUAUHTEMOC','200','','','ANAHUAC','MONCLOVA','MONCLOVA','COAHUILA','MEXICO','25750','','','','0','',1),(1178,'COMPAÑIA INDUSTRIAL DE MONCLOVA S.A. DE C.V.','IMS960202AE5','ENCINO','48','','','LA LOMA','MONCLOVA','MONCLOVA','COAHUILA','MEXICO','25770','','ADMONCORPGGB@YAHOO.COM','','0','',1),(1179,'INOVACAST S.A. DE C.V.','INO140401GL5','ARACELI NARVAEZ','305','','','REGIDORES','FRONTERA','FRONTERA','COAHUILA','MEXICO','25618','','','','0','',1),(1180,'IMEVAL DE OCCIDENTE S.A. DE C.V.','IOC091216J74','ATMOSFERA','2797','','','JARDINES DEL BOSQUE','GUADALAJARA','GUADALAJARA','JALISCO','MEXICO','44520','','','','0','',1),(1181,'COMPAÑIA INDUSTRIAL DE SERVICIOS S.A. DE C.V.','ISE061130ET8','JUAREZ','303-B','','','ZONA CENTRO','FRONTERA','FRONTERA','COAHUILA','MEXICO','25600','','','','0','',1),(1182,'INDUSTRIAL TORNILLERA DEL NORTE S.A.','ITN750225K87','AV. CUAUHTEMOC','213','','','ANAHUAC','MONCLOVA','MONCLOVA','COAHUILA','MEXICO','25750','','indtornillera@hotmail.com','','0','',1),(1183,'INSTITUTO TECNOLOGICO SUPERIOR DE MUZQUIZ','ITS100312NTA','CARRETERA MUZQUIZ - ROSITA','S/N','','','INFONAVIT','MUZQUIZ','MUZQUIZ','COAHUILA','MEXICO','26340','','','','0','',1),(1184,'JOSE ERNESTO JAMIN BEYER','JABE720122QJ8','BARRANQUILLA','113','','','GUADALUPE','MONCLOVA','MONCLOVA','COAHUILA','MEXICO','25750','','','','0','',1),(1185,'SOFIA JIMENEZ CHOFFI','JICS621127A84','BLVD. JUAREZ','300','','','PALMA','MONCLOVA','MONCLOVA','COAHUILA','MEXICO','25730','','','','0','',1),(1186,'MIGUEL ANGEL JIMENEZ GONZALEZ','JIGM800310933','MAXTLA','1202','','','ANAHUAC','MONCLOVA','MONCLOVA','COAHUILA','MEXICO','25750','','','','0','',1),(1187,'RICARDO HASSEF JULIAN VENEGAS','JUVR850419SV5','CUATROCIENEGAS','500','','','FRACC. PRIMERO DE MAYO','MONCLOVA','MONCLOVA','COAHUILA','MEXICO','25760','','RICARDOHASSEFJV@HOTMAIL.COM','','0','',1),(1188,'KADIV S.A. DE C.V.','KAD091105PX9','GUERRERO','618','','','BELLAVISTA','FRONTERA','FRONTERA','COAHUILA','MEXICO','25650','','','','0','',1),(1189,'LEAD COMERCIALIZADORA S.A. DE C.V.','LCO070109GF7','HUEMAC','1112','','','ANAHUAC','MONCLOVA','MONCLOVA','COAHUILA','MEXICO','25750','','administracion@leadcomercializadora.com','','0','',1),(1190,'OMAR ALEJANDRO LEYVA BALLESTEROS','LEBO861007V39','PASEO DE SANTA ANA','308','','','VILLAS DE SANTA ANA','MONCLOVA','MONCLOVA','COAHUILA','MEXICO','25734','','','','0','',1),(1191,'LOVA EDIFICACIONES S.A. DE C.V.','LED140714SC0','ECUADOR','L1 MB','','','LOURDES PONIENTE','SALTILLO','SALTILLO','COAHUILA','MEXICO','25070','','LOVA_EDIFICACIONES@HOTMAIL.COM','','0','',1),(1192,'LOVA EDIFICACIONES S.A DE C.V.','LEDI1407145C0','ECUADOR','L.1 MB','','','LOURDES PONIENTE','SALTILLO','SALTILLO','COAHUILA','MEXICO','25070','','LOVA_EDIFICACIONES@HOTMAIL.COM','','0','',1),(1193,'EDILBERTO LEZA LOPEZ','LELE430923PZ2','CAMPECHE','332','','','REPUBLICA PONIENTE','CANDELA','CANDELA','COAHUILA','MEXICO','25265','','','','0','',1),(1194,'ARMANDO JAVIER DE LEÓN MARTINEZ','LEMA690716UB5','TULANCINGO','1328','A','','MITRAS CENTRO','MONTERREY','MONTERREY','NUEVO LEON','MEXICO','64460','','FACTURAS@MERKA.MX','','0','',1),(1195,'FELIX OMAR DE LEON MUÑOZ','LEMF780810UEA','JESUS SILVA','371','','','ZONA CENTRO','MONCLOVA','MONCLOVA','COAHUILA','MEXICO','25700','','fomardeleon@hotmail.com','','0','',1),(1196,'HECTOR MARIANO LIRA PUENTE','LIPH801130F85','RIO PANUCO','1805','','','JARDINES DEL VALLE','MONCLOVA','MONCLOVA','COAHUILA','MEXICO','25730','','FACTURASHMLP@HOTMAIL.COM','','0','',1),(1197,'LOGISTICAS ODEL S.A DE C.V','LOD1212068X0','BLVD. OSCAR FLORES TAPIA','801','','','SANTA LUCIA','MORELOS','MORELOS','COAHUILA','MEXICO','26500','','contraloriaodel@gmail.com','','0','',1),(1198,'GRECIA VANY LOZANO FLORES','LOFG890107HT1','HORTENCIAS','606','','','ELSA HERNANDEZ','MONCLOVA','MONCLOVA','COAHUILA','MEXICO','25724','','grecia_lozano07@hotmail.com','','0','',1),(1199,'BRENDA AZUCENA LOPEZ LOPEZ','LOLB811116LNA','PEDRO ANAYA','1601','','','FRACC. LOS REYES','MONCLOVA','MONCLOVA','COAHUILA','MEXICO','25710','','MARCANTONI_69@hotmail.com','','0','',1),(1200,'QUILLAXTLI ITZEL JUANITA AZUCENA LOPEZ RAMOS','LORQ9606114L7','OCAMPO','517','','','SANTA BARBARA','MONCLOVA','MONCLOVA','COAHUILA','MEXICO','25740','','','','0','',1),(1201,'MARIO SERGIO DE LUNA GARCIA','LUGM620818259','MAGISTERIO','147','','','VALLE DEL CAMPESTRE','SAN BUEAVENTURA','SAN BUENAVENTURA','COAHUILA','MEXICO','25500','','','','0','',1),(1202,'MANUEL MAURICIO LUGO SOLIS','LUSM8010298Y5','44','NO 1400','','','21 DE MARZO','MONCLOVA','MONCLOVA','COAHUILA','MEXICO','25740','','','','0','',1),(1203,'JESUS GILBERTO MATA ANGULO','MAAJ811206R35','PRESA SANTA ENGRACIA','5004','','','SCOP','GUADALUPE','GUADALUPE','NUEVO LEON','MEXICO','68190','','','','0','',1),(1204,'MUNICIPIO DE ABASOLO COAHUILA','MAC981001GU2','NACIONAL','402','','','ZONA CENTRO','ABASOLO','ABASOLO','COAHUILA','MEXICO','25540','','','','0','',1),(1205,'JOSE MARIA DE JESUS MARTINEZ CAMPOS','MACM4605248D9','SAN MIGUEL','921','A','','EL PUEBLO','MONCLOVA','MONCLOVA','COAHUILA','MEXICO','25730','','jjmtzcampos@outlook.com','','0','',1),(1206,'ROGELIO MARTINEZ CRUZ','MACR611130RJ4','RIO GRIJALVA','2603','','','COL. AMPL. BRISAS DEL VALLE','MONCLOVA','MONCLOVA','COAHUILA','MEXICO','25724','','ROGELIOMC1@HOTMAIL.COM','','0','',1),(1207,'SALVADOR RODOLFO MARTINEZ CANTU','MACS440329EY6','LAS FLORES','142','','','EL PUEBLO','MONCLOVA','MONCLOVA','COAHUILA','MEXICO','25730','','ANTONIO.ARIZPE@YAHOO.COM.MX','','0','',1),(1208,'MARIA GUADALUPE MARTINEZ HERNANDEZ','MAHG720130HY5','JULIAN CARRILLO','313','','','COLONIA MONCLOVA','MONCLOVA','MONCLOVA','COAHUILA','MEXICO','25790','','DOHKOMVA@GMAIL.COM','','0','',1),(1209,'MERCANTIL ALMADEN S.A. DE C.V.','MAL061213B57','2 DE ABRIL','729','','','EL PUEBLO','MONCLOVA','MONCLOVA','COAHUILA','MEXICO','25730','','ANTONIO.ARIZPE@YAHOO.COM.MX','','0','',1),(1210,'MIGUEL A. LAZALDE S.A','MAL7101186H1','BLVD. BENITO JUAREZ','320','','','PALMA','MONCLOVA','MONCLOVA','COAHUILA','MEXICO','25730','','','','0','',1),(1211,'MARICELI MALDONADO MALDONADO','MAMM560310S82','2 DE ABRIL','657','','','EL PUEBLO','MONCLOVA','MONCLOVA','COAHUILA','MEXICO','25730','','CGPFACTURAS@HOTMAIL.COM','','0','',1),(1212,'EDGAR ALEJANDRO MARTINEZ MACIEL','MAMX830529M14','HUEMAC','1104','','','ANAHUAC','MONCLOVA','MONCLOVA','COAHUILA','MEXICO','25750','','','','0','',1),(1213,'MANAGETECH S.A. DE C.V.','MAN1508258W7','ZACATECAS','573','','','REPUBLICA ORIENTE','SALTILLO','SALTILLO','COAHUILA','MEXICO','25280','','','','0','',1),(1214,'METALES Y ALEACIONES SIDERÚRGICAS S.A. DE C.V.','MAS0911273S7','EMILIO CARRANZA','1016','','','OCCIDENTAL','FRONTERA','FRONTERA','COAHUILA','MEXICO','25640','','INFO@ORBESOLUTIONS.MX','','0','',1),(1215,'MIRSHA MEREDITH MATA ZAMARRON','MAZM8601288PA','HUEMAC','1607','','','AZTECA','MONCLOVA','MONCLOVA','COAHUILA','MEXICO','25756','','MIRSHA.PARZAM@GMAIL.COM','','0','',1),(1216,'MONCLOVA COUNRTY CLUB A.C.','MCC770913U23','AVE. 7','1001','','','JARDINES DE LA SALLE','MONCLOVA','MONCLOVA','COAHUILA','MEXICO','25720','','clubcountry@prodigy.net.mx','','0','',1),(1217,'MUNICIPIO DE CANDELA, COAHUILA','MCC8501019Y5','PALACIO MUNICIPAL','S/N','','','ZONA CENTRO','CANDELA','CANDELA','COAHUILA','MEXICO','25570','','RICARDOLOPEZVALDEZ@GMAIL.COM','','0','',1),(1218,'MERCANTIL DISTRIBUIDORA S.A. DE C.V.','MDI361221UU0','ADOLFO LOPEZ MATEOS','320','','','VILLAS DE ORIENTE','SAN NICOLAS DE LOS GARZA','SAN NICOLAS DE LOS GARZA','NUEVO LEON','MEXICO','66470','','','','0','',1),(1219,'IRIS AMIR MENCHACA FLORES','MEFI9204286K3','LIBERTAD','211','','','ZONA CENTRO','FRONTERA','FRONTERA','COAHUILA','MEXICO','25600','','','','0','',1),(1220,'MECCSA GRUPO EMPRESARIAL PRESTADOR DE SERVICIOS S.A. DE C.V.','MGE150629CQ5','MAR CARIBE','2034','','','SANTA ISABEL','MONCLOVA','MONCLOVA','COAHUILA','MEXICO','25720','','','','0','',1),(1221,'JUAN LUIS MIRELES MORALES','MIMJ781028TL6','AV. SUR','916','','','HIPODROMO','MONCLOVA','MONCLOVA','COAHUILA','MEXICO','25700','','ANTONIO.ARIZPE@YAHOO.COM.MX','','0','',1),(1222,'MATERIALES INDUSTRIALIZADOS S.A. DE C.V.','MIN7102012F2','CARRETERA DE LA CONSTITUCION','57','KM 122','','','NUEVA ROSITA','NUEVA ROSITA','COAHUILA','MEXICO','26850','','','','0','',1),(1223,'MANTENIMIENTO INDUSTRIAL SINERGIA S. DE R.L. DE C.V.','MIS1502103U5','VENUSTIANO CARRANZA','115','','','ESTANCIAS DE SAN JUAN BAUTISTA','MONCLOVA','MONCLOVA','COAHUILA','MEXICO','25830','','','','0','',1),(1224,'MANTENIMIENTO INTEGRAL Y SERVICIOS ESPECIALIZADOS S.A. DE C. V.','MIS980711PE5','CALZADA CUAUHTEMOC','219','','','ZONA CENTRO','TORREON','TORREON','COAHUILA','MEXICO','27000','','pep.cazarez@live.com.mx','','0','',1),(1225,'MADERAS MIGSA S.A DE C.V','MMI140318MU6','SECUNDARIA 1','1720','','','BENAVIDES','MONCLOVA','MONCLOVA','COAHUILA','MEXICO','25760','','','','0','',1),(1226,'MANTENIMIENTO Y MONTAJES MB S.A. DE C.V.','MMM1410096Y7','SANTOS DEGOLLADO','110 ORIENTE','','','CENTRO','ALLENDE','COAHUILA','COAHUILA','MEXICO','26530','','mantenimiento_montajes@hotmail.com','','0','',1),(1227,'MAQUINADOS DEL NORTE DE MONCLOVA S.A.','MNM781130AK9','BRAULIO FERNANDEZ AGUIRRE','1404','','','CAÑADA SUR','MONCLOVA','MONCLOVA','COAHUILA','MEXICO','25760','','maq_norte26@hotmail.com','','0','',1),(1228,'MULTIGRABACIONES DEL NORTE S.A. DE C.V.','MNO0006203L8','VENUSTIANO CARRANZA','614','','','MONCLOVA','MONCLOVA','MONCLOVA','COAHUILA','MEXICO','25700','','','','0','',1),(1229,'ABELARDO MONCADA CANTU','MOCA650809IH5','LIB. SALINAS DE GORTARI','184NTE','','','EJIDO SAN JUAN BAUTRISTA','MONCLOVA','MONCLOVA','COAHUILA','MEXICO','25748','','AMCLIBRAMIENTO@HOTMAIL.COM','','0','',1),(1230,'SERAFIN MONTEMAYOR FLORES','MOFS721206Q69','OAXACA','504','','','CENTRO','APODACA','APODACA','NUEVO LEON','MEXICO','66600','','','','0','',1),(1231,'ROLANDO GUADALUPE MORENO MUJICA','MOMR751016TG6','14','359','','','OTILIO MONTAÑO','MONCLOVA','MONCLOVA','COAHUILA','MEXICO','25796','','','','0','',1),(1232,'YONATHAN MORALES VARGAS','MOVY850505KT3','GUERRERO','','','','EJIDO PRIMERO DE MAYO','ESCOBEDO','ESCOBEDO','COAHUILA','MEXICO','25490','','','','0','',1),(1233,'COMPAÑIA MINERA PURO CORAZON S.A. DE C.V.','MPC100205AY6','JUAREZ','303-B','','','ZONA CENTRO','FRONTERA','FRONTERA','COAHUILA','MEXICO','25600','','','','0','',1),(1234,'MEX Q QUALITY SERVICES S.A. DE C.V.','MQQ151114916','21 DE MARZO','117','','','LEANDRO VALLE','MONCLOVA','MONCLOVA','COAHUILA','MEXICO','25718','','','','0','',1),(1235,'MUNICIPIO DE RAMOS ARIZPE','MRA820101TS9','IGNACIO ALLENDE','231','','','ZONA CENTRO','RAMOS ARIZPE','RAMOS ARIZPE','COAHUILA','MEXICO','25900','','','','0','',1),(1236,'MUNICIPIO DE SAN BUENAVENTURA COAHUILA','MSC6301023IA','HIDALGO','119','','','ZONA CENTRO','SAN BUENAVENTURA','SAN BUENAVENTURA','COAHUILA','MEXICO','25500','','RICARDOLOPEZVALDEZ@GMAIL.COM','','0','',1),(1237,'MINERA SIDERURGICA DE COAHUILA, S.A DE C.V','MSC890725JP9','CARRETERA 57','1056','','','ASTURIAS','MONCLOVA','MONCLOVA','COAHUILA','MEXICO','25790','','','','0','',1),(1238,'MAF TRANSFORMADOS DE ACERO Y TROQUELADOS S.A. DE C.V.','MTA081219IJ6','MARIE CURIE','109','','','ESTANCIAS DE SAN JUAN BAUTISTA','MONCLOVA','MONCLOVA','COAHUILA','MEXICO','25830','','TRAATSA@YAHOO.COM.MX','','0','',1),(1239,'MUCHOGAS S.A. DE C.V.','MUC970428SE5','LIB. CARLOS SALINAS DE GORTARI KM 16.4','','','','INDUSTRIAL AEROPUERTO','FRONTERA','FRONTERA','COAHUILA','MEXICO','25617','','','','0','',1),(1240,'JOSE RAUL MUÑOZ PEREZ','MUPR680914RL8','AMERICANA','6','','','ZONA CENTRO','FRONTERA','FRONTERA','COAHUILA','MEXICO','25600','','','','0','',1),(1241,'MUNICIPIO DE VICTORIA TAMAULIPAS','MVT7301017R2','FRANCISCO I MADERO NORTE','102','','','ZONA CENTRO','CIUDAD VICTORIA','CIUDAD VICTORIA','TAMAULIPAS','MEXICO','87000','','','','0','',1),(1242,'BRUNO NEIRA GONZALEZ','NEGB3404247Q9','BLVD. JUAREZ','300','','','PALMA','MONCLOVA','MONCLOVA','COAHUILA','MEXICO','25730','','','','0','',1),(1243,'NEXUS INDUSTRIAS S.A. DE C.V.','NIN0711137P9','HAROLD R. PAPE','1135','B','','ESTANCIAS DE SAN  JUAN BAUISTA','MONCLOVA','MONCLOVA','COAHUILA','MEXICO','25733','','ATENCIONACLIENTES@NEXUSINDUSTRIAS.MX','','0','',1),(1244,'NC DE MONCLOVA S.A. DE C.V.','NMO100121R10','ILDEFONSO FUENTES','115','','','ZONA CENTRO','MONCLOVA','MONCLOVA','COAHUILA','MEXICO','25700','','ncdemonclova@hotmail.com','','0','',1),(1245,'NEUMÁTICA PROFESIONAL S.A DE C.V.','NPR960126950','Regio Avenida','137','','','REGIO PARQUE INDUSTRIAL','APODACA','APODACA','NUEVO LEON','MEXICO','66600','','JOCEMY_TOOLS@HOTMAIL.COM','','0','',1),(1246,'ONCE ALIMENTOS S.A. DE C.V.','OAL1608298W0','AHUIZOTL','1125','','','ANAHUAC','MONCLOVA','MONCLOVA','COAHUILA','MEXICO','25750','','','','0','',1),(1247,'OFFICE DEPOT DE MEXICO S.A. DE C.V.','ODM950324V2A','JUAN SALVADOR AGRAZ','101','','','SANTA FE CUAJIMALA','DELEGACION CUAJIMALPA DE MORELOS','DELEGACION CUAJIMALPA DE MORELOS','CIUDAD DE MEXICO','MEXICO','05348','','','','0','',1),(1248,'DOROTEO ORTEGA PIÑA','OEPD520909FKA','JENGIBRES','MZA 84 LOTE 5','','','VILLA DE LAS FLORES  2DA. SECCION','COACALCO DE BERRIOZABAL','COACALCO DE BERRIOZABAL','ESTADO DE MEXICO','MEXICO','55710','','','','0','',1),(1249,'LORENA ORTEGA TAFOYA','OETL830120GUA','SEGUNDA CERRADA CALLE NORTE 10 MANZANA 3 LOTE 19','','','','ADOLFO RUIZ CORTINES','ECATEPEC DE MORELOS','ECATEPEC DE MORELOS','ESTADO DE MEXICO','MEXICO','55050','','','','0','',1),(1250,'MELCHOR ORTIZ CASTELLANOS','OICM740727HK7','CUAHUTEMOC','1517','LOCAL 11','','EL PUEBLO','MONCLOVA','MONCLOVA','COAHUILA','MEXICO','25730','','MGED@PRODIGY.NET.MX','','0','',1),(1251,'JUAN FERNANDO ORTIZ ONTIVEROS','OIOJ6805151UA','RAFAEL DE LA FUENTE','102','','','MONCLOVA CENTRO','','MONCLOVA','COAHUILA','MEXICO','25700','','','','0','',1),(1252,'GABRIELA LETICIA OSORIA FERNANDEZ','OOFG861125EV2','JACINTO CANEK','533','','','INDEPENDENCIA','MONCLOVA','MONCLOVA','COAHUILA','MEXICO','25750','','gabylety2011@gmail.com','','0','',1),(1253,'ANGEL NOE OSORIA GOMEZ','OOGA830104PM3','CALLE SONORA','609','','','CENTRO','FRONTERA','FRONTERA','COAHUILA','MEXICO','25600','','','','0','',1),(1254,'OMNISEGURIDAD PRIVADA S.A. DE C.V.','OPR010215MM5','NOVENA','1615','','','CD. DEPORTIVA','MONCLOVA','MONCLOVA','COAHUILA','MEXICO','25750','','ysalazar.74@hotmail.com','','0','',1),(1255,'OMAR REGINALDO RODRIGUEZ RIVAS','ORO8001111I5','AV. SAN LUIS','1208','','','OCCIDENTAL','FRONTERA','FRONTERA','COAHUILA','MEXICO','25640','','','','0','',1),(1256,'OBRAS Y SERVICIOS AGROPECUARIOS S.A DE C.V.','OSA970516KD3','MICHOACAN','1704','','','SAN FRANCISCO','MONCLOVA','MONCLOVA','COAHUILA','MEXICO','25720','','','','0','',1),(1257,'SB ASESORIA EN CONSTRUCCION S.A DE C.V','OSAC050210154','BRAVO','321','','','ZONA CENTRO','MONCLOVA','MONCLOVA','COAHUILA','MEXICO','25700','','','','0','',1),(1258,'OFS SERVICIOS S.A. DE C.V.','OSE9212219RA','EJERCITO NACIONAL','350 PISO 5','','','POLANCO V SECCION','DEL. MIGUEL HIDALGO','','MEXICO','MEXICO','11560','','','','0','',1),(1259,'ALDO EMANUEL PARODI FLORES','PAFA861128179','BLVD. TECNOLOGICO','1314','','','TECNOLOGICO','MONCLOVA','MONCLOVA','COAHUILA','MEXICO','25716','','','','0','',1),(1260,'PLOMERIA Y AZULEJOS DE MONCLOVA S. A. DE C. V.','PAM871207RC2','HIDALGO SUR','505','','','ZONA CENTEO','MONCLOVA','MONCLOVA','COAHUILA','MEXICO','25700','','','','0','',1),(1261,'RODOLFO EUGENIO PLATA MARTINEZ','PAMR680520J98','BLVD. BENITO JUAREZ','1314','','','NUEVA ROSITA','MONCLOVA','MONCLOVA','COAHUILA','MEXICO','25710','','titiplata68@yahoo.com','','0','',1),(1262,'ANTUAN PAREDES ZAMARRON','PAZA890914UU3','HUEMAC','1607','','','AZTECA','MONCLOVA','MONCLOVA','COAHUILA','MEXICO','25756','','ANTUAN.PARZAM@GMAIL.COM','','0','',1),(1263,'PAILERIA Y CONSTRUCCION DE FRONTERA SA DE CV','PCF111019G51','TEZOZOMOC','1498','','','CD DEPORTIVA','MONCLOVA','MONCLOVA','COAHUILA','MEXICO','25750','','','','0','',1),(1264,'PROMOTORA DEPORTIVA GAN S.A. DE C.V.','PDG920626I62','AVENIDA CUAUHTEMOC','299','','','CIUDAD DEPORTIVA','MONCLOVA','MONCLOVA','COAHUILA','MEXICO','25750','','facturaspromotora@prodigy.net.mx','','0','',1),(1265,'ELISA ADELA PERALTA BARBOSA','PEBE700517ACA','AV. CANDILES','313-171','','','VALLE REAL RESIDENCIAL','CORREGIDORA','CORREGIDORA','QUERETARO','MEXICO','76900','','instelec60@gmail.com','','0','',1),(1266,'MIGUEL PEREZ BARRERA','PEBM910710UF5','LA PAZ','216','','','ZONA CENTRO','FRONTERA','FRONTERA','COAHUILA','MEXICO','25600','','','','0','',1),(1267,'RUBI ANGELICA PEREZ HERNANDEZ','PEHR8201078N1','CARRETERA 30','506','','','MORELOS','FRONTERA','FRONTERA','COAHUILA','MEXICO','25626','','aaronmontejano@hotmail.com','','0','',1),(1268,'PRODUCTOS ESPECIALIZADOS MARGON S.A DE C.V','PEM840815G99','ADELITAS','1201','','','CAÑADA SUR','MONCLOVA','MONCLOVA','COAHUILA','MEXICO','25760','','','','0','',1),(1269,'FRANCISCO PEÑA MARTINEZ','PEMF460101688','MATIAZ NAJERA','306','','','','EJIDO LA CRUZ','EJIDO LA CRUZ','COAHUILA','MEXICO','25800','','','','0','',1),(1270,'Mi Cliente SA de CV','PEMI720921814','Patriotismo','4579','94','','Nueva Era','Boca del Rio','Veracruz','Veracruz','Mexico','91680','','','','0','',1),(1271,'MA. DEL CARMEN PICAZO RIOS','PIRM620505TV8','CAMELIAS','1409','','','AMPL. LAS FLORES','MONCLOVA','MONCLOVA','COAHUILA','MEXICO','25770','','','','0','',1),(1272,'PROMOTORES INDEPENDIENTES DE SERVICIOS S.A. DE C.V.','PIS0609228G6','CUAUHTEMOC','1127-2','','','EL PUEBLO','MONCLOVA','MONCLOVA','COAHUILA','MEXICO','25730','','','','0','',1),(1273,'PRESIDENCIA MUNICIPAL','PMF8501019X6','PROGRESO Y CUAUHTEMOC','','','','ZONA CENTRO','FRONTERA','FRONTERA','COAHUILA','MEXICO','25600','','','','0','',1),(1274,'PRESIDENCIA MUNICIPAL DE MONCLOVA','PMM850101RA4','ZARAGOZA','332','','','CENTRO','MONCLOVA','MONCLOVA','COAHUILA','MEXICO','25700','','','','0','',1),(1275,'PRESIDENCIA MUNICIPAL DE NADADORES COAHUILA','PMN850101PB9','HIDALGO','39','','','ZONA CENTRO','NADADORES','NADADORES','COAHUILA','MEXICO','27550','','','','0','',1),(1276,'PARTIDO DE LA REVOLUCION DEMOCRATICA','PRD890526PA3','BENJAMIN FRANKLIN','84','','','ESCANDON','MIGUEL HIDALGO','MIGUEL HIDALGO','MEXICO D.F.','MEXICO','11800','','prd.finanzas.saltillo@gmail.com','','0','',1),(1277,'PARTIDO REVOLUCIONARIO INSTITUCIONAL','PRI460307AN9','AV. INSURGENTES NORTE','59','','','BUENAVISTA','MEXICO','MEXICO','DISTRITO FEDERAL','MEXICO','06359','','','','0','',1),(1278,'PRESTADORA DE SERVICIOS MAS S.A. DE C.V.','PSM9803095B5','JUAREZ NTE','703','','','MORELOS CENTRO','MORELOS','MORELOS','COAHUILA','MEXICO','26500','','','','0','',1),(1279,'QUALITAS COMPAÑIA DE SEGUROS S.A. DE C.V.','QCS931209G49','JOSE MARIA CASTORENA','426','','','SAN JOSE DE LOS CEDROS','CUAJIMALPA','CUAJIMALPA','CIUDAD DE MEXICO','MEXICO','05200','','','','0','',1),(1280,'JESUS HECTOR QUINTERO FLOYD','QUFJ5403068X9','ADELITAS','1506','','','BRAULIO FERNANDEZ AGUIRRE','MONCLOVA','MONCLOVA','COAHUILA','MEXICO','25760','','','','0','',1),(1281,'BEATRIZ VERONICA QUINTERO GONZALEZ','QUGB741209CG5','Francisco I Madero','11','','','GUADALUPE','MONCLOVA','MONCLOVA','COAHUILA','MEXICO','25750','','ADMONCORPGGB@YAHOO.COM','','0','',1),(1282,'JESUS QUINTERO GONZALEZ','QUGJ850829T87','ADELITAS','1506','','','BRAULIO FERNANDEZ','MONCLOVA','MONCLOVA','COAHUILA','MEXICO','25760','','','','0','',1),(1283,'MARCELO FLORENCIO QUINTERO GONZALEZ','QUGM7810256C6','Privada Jardines','200','','','FRACCIONAMIENTO JARDINES DE MONTESSORI','MONCLOVA','MONCLOVA','COAHUILA','MEXICO','25733','','ADMONCORPGGB@YAHOO.COM','','0','',1),(1284,'EDGAR ROGELIO QUINTERO SÁNCHEZ','QUSE791030MW3','MELCHOR MUZQUIZ','322','','','BELLAVISTA','FRONTERA','FRONTERA','COAHUILA','MEXICO','25650','','','','0','',1),(1285,'FRANCISCO RAMIREZ GONZALEZ','RAGF811220EH6','NICOLAS BRAVO','158','','','05 ABRIL','MONCLOVA','MONCLOVA','COAHUILA','MEXICO','25710','','','','0','',1),(1286,'GUILLERMO RAMOS GARCIA','RAGG710210UE5','5 DE FEBRERO','434','','','OCCIDENTAL','FRONTERA','FRONTERA','COAHUILA','MEXICO','25641','','','','0','',1),(1287,'ROBERTO RAMIREZ HERNANEZ','RAHR801030FD6','LIBERTAD','319','','','ZONA CENTRO','FRONTERA','FRONTERA','COAHUILA','MEXICO','25600','','COMPUNORTH@HOTMAIL.COM','','0','',1),(1288,'RAMONA KARAKOLA','RAMO990102AB1','CALZ DE LA ZANAHORIA','78','DEPTO B','','BOSQUES','MEXICO','COYOACAN','DF','MEXICO','03020','','patolin2008@hotmail.com','','0','',1),(1289,'ROSA ELVA RAMOS RODRIGUEZ','RARR560904UP6','ZACATECAS','211','','','ZONA CENTRO','FRONTERA','FRONTERA','COAHUILA','MEXICO','25600','','','','0','',1),(1290,'JAVIER ALFREDO RAMIREZ TAPIA','RATJ760123KR6','MIGUEL BLANCO','108','','','ZONA CENTRO','MONCLOVA','MONCLOVA','COAHUILA','MEXICO','25700','','','','0','',1),(1291,'REFRACTARIOS BASICOS S.A. DE C.V.','RBA550716GS9','FALDA DEL CERRO DE LA GLORIA','1000','','','','RANCHO EL CONEJO','MONCLOVA','COAHUILA','MEXICO','25770','','javfel84@hotmail.com','','0','',1),(1292,'RECUBRIMIENTOS COAHUILA S. DE R.L. DE C.V.','RCO140310CC8','ABETOS','189','','','TORREMOLINOS','RAMOS ARIZPE','RAMOS ARIZPE','COAHUILA','MEXICO','25900','','','','0','',1),(1293,'REPMAN COMMUNICATIONS RR&CH S.A. DE C.V.','RCR031008EC6','CIRCUITO JUAREZ','21','','','JALTEPEC','AXAPUSCO','AXAPUSCO','ESTADO DE MEXICO','MEXICO','55965','','','','0','',1),(1294,'ROMAR DIELECTRICS DE MÉXICO S. A DE C.V','RDM920810222','CUAUHTÉMOC','1301','B NTE','','EL PUEBLO','MONCLOVA','MONCLOVA','COAHUILA','MEXICO','25730','','oziel@romar.com.mx','','0','',1),(1295,'RECMESA, S.A DE C.V','REC1005212J0','DR. CARLOS VALDEZ','407','','','BUROCRATAS','MONCLOVA','MONCLOVA','COAHUILA','MEXICO','25790','','','','0','',1),(1296,'JUAN PABLO REYNA ORTIZ','REOJ8006162B4','ITALIA','3693','','','FROYLAN MIER','SALTILLO','SALTILLO','COAHUILA','MEXICO','25080','','','','0','',1),(1297,'ELOVIANO RÍOS CASTRO','RICE650611LQ3','RÍO BALSAS','318','A','','JARDINES DEL VALLE','MONCLOVA','MONCLOVA','COAHUILA','MEXICO','25730','','notaria32monclova@hotmail.com','','0','',1),(1298,'VALERIA GUADALUPE RIVAS NARVAES','RINV9212111F9','5 DE FEBRERO','1322','','','FRACC. SAN JOSE','MONCLOVA','MONCLOVA','COAHUILA','MEXICO','25770','','','','0','',1),(1299,'REFACCIONES MATERIALES Y SERVICIOS DEL NORESTE S.A. DE C.V.','RMS050716992','CUAUHTEMOC','320','','','ZONA CENTRO','MONCLOVA','MONCLOVA','COAHUILA','MEXICO','25700','','','','0','',1),(1300,'MARIA JOSE RODRIGUEZ BARRIGA','ROBJ9110117D6','RAFAEL SANCHEZ','1114','','','CHAPULTEPEC SUR','MORELIA','MORELIA','MICHOACAN','MEXICO','58260','','','','0','',1),(1301,'ERASMO RODRIGUEZ CABALLERO','ROCE510131MJ4','PANUCO','404','','','FRONTERA CENTRO','FRONTERA','FRONTERA','COAHUILA','MEXICO','25600','','','','0','',1),(1302,'FREDY RODRIGUEZ CASTRO','ROCF651221MD1','GUERRERO','802','','','ZONA CENTRO','MONCLOVA','MONCLOVA','COAHUILA','MEXICO','25700','','','','0','',1),(1303,'DIANA ELENA RODRIGUEZ GONZALEZ','RODG720925MQ1','RIO DE JANEIRO','209','','','GUADALUPE','MONCLOVA','MONCLOVA','COAHUILA','MEXICO','25750','','','','0','',1),(1304,'ROMAN RODRIGUEZ LUNA','ROLR8410024P6','PARCELA 290','80','','','REGIDORES','FRONTERA','FRONTERA','COAHUILA','MEXICO','25618','','','','0','',1),(1305,'LAURA LUZ ROMO MARTINEZ','ROML651014H92','PASAJE HIDALGO','LOCAL 16','','','ZONA CENTRO','MONCLOVA','MONCLOVA','COAHUILA','MEXICO','25700','','','','0','',1),(1306,'MONICA RODRIGUEZ PADER','ROPM750211AL9','VERACRUZ','1207','','','LOS PINOS','MONCLOVA','MONCLOVA','COAHUILA','MEXICO','25720','','','','0','',1),(1307,'JUAN ANTONIO RODRIGUEZ RODRIGUEZ','RORJ480510S88','ZACATECAS','103','','','FRACCIONAMIENTO CHAPULTEPEC','MONCLOVA','MONCLOVA','COAHUILA','MEXICO','25700','','','','0','',1),(1308,'OMAR REGINALDO RODRIGUEZ RIVAS','RORO8001111I5','AV. SAN LUIS','1208','','','OCCIDENTAL','FRONTERA','FRONTERA','COAHUILA','MEXICO','25640','','','','0','',1),(1309,'OSCAR MANUEL ROMERO VILLARREAL','ROVO7504297DA','CALLE PASEO SECCION 66','911','','','PRADERAS DEL SUR','MONCLOVA','MONCLOVA','COAHUILA','MEXICO','25799','','SANDRALZP@HOTMAIL.COM','','0','',1),(1310,'REPUESTOS Y SERVICIOS ESPECIALIZADOS','RSE881217NB7','TLACOPAN','1400','','','FRACC. AZTECA','MONCLOVA','MONCLOVA','COAHUILA','MEXICO','25756','','','','0','',1),(1311,'RECUBRIMIENTOS TECNICOS DE MONCLOVA S.A. DE C.V.','RTM010525H42','ANTIGUO CAMINO A HERMANAS','900','','','ESTANCIAS DE SAN JUAN BAUTISTA','MONCLOVA','MONCLOVA','COAHUILA','MEXICO','25830','','','','0','',1),(1312,'HECTOR RAMÓN SAMANIEGO BUENTELLO','SABH740430T27','PRIV. SAN MARTIN','803','','','Z. CENTRO','MONCLOVA','MONCLOVA','COAHUILA','MEXICO','25700','','hecttorsamaniego7@yahoo.com.mx','','0','',1),(1313,'SB ASESORES EN CONSTRUCCION S.A DE C.V','SAC050210154','BRAVO','321','','','ZONA CENTRO','MONCLOVA','MONCLOVA','COAHUILA','MEXICO','25700','','','','0','',1),(1314,'JOSE ALBERTO SANCHEZ CANTU','SACA790718L30','COAHUILA','810','','','CALIFORNIA','CASTAÑOS','CASTAÑOS','COAHUILA','MEXICO','25870','','','','0','',1),(1315,'SOPORTE ASESORIA E INSTALACION DE TECNOLOGIAS DEL NORTE S.A. DE C.V.','SAE120830KU9','LIBERTAD','403','','','CENTRO','FRONTERA','FRONTERA','COAHUILA','MEXICO','25600','','','','0','',1),(1316,'DIANA SALDIVAR FLORES','SAFD7106045U9','AV. PAVORREAL','509','','','TORREON RESIDENCIAL','TORREON','TORREON','COAHUILA DE ZARAGOZA','MEXICO','27268','','','','0','',1),(1317,'ARMANDINA SANTAMARIA GONZALEZ','SAGA500114QI6','IGNACIO ZARAGOZA','700','','','ZONA CENTRO','MONCLOVA','MONCLOVA','COAHUILA','MEXICO','25700','','','','0','',1),(1318,'MARIA ANTONIETA SANCHEZ HERNANDEZ','SAHA870517F62','GARITA','648','','','ZONA CENTRO','MONCLOVA','MONCLOVA','COAHUILA','MEXICO','25700','','','','0','',1),(1319,'JUAN CARLOS SALDUA MEDINA','SAMJ590326134','BLVD. FRANCISCO I. MADERO','1113','','','GUADALUPE','MONCLOVA','MONCLOVA','COAHUILA','MEXICO','25750','','','','0','',1),(1320,'VICTOR MANUEL DE LOS SANTOS MARTINEZ','SAMV920706S78','SECCION 147','413','','','LEANDRO VALLE','MONCLOVA','MONCLOVA','COAHUILA','MEXICO','25718','','','','0','',1),(1321,'JESUS GILBERTO SARACHO NAVARRO','SANJ570105221','MATAMOROS','217','','','ZONA CENTRO','MONCLOVA','MONCLOVA','COAHUILA','MEXICO','25700','','','','0','',1),(1322,'FABIAN DE LOS SANTOS OLIVAS','SAOF861106GG7','BLVD. EJERCITO NACIONAL','710','','','SAN FRANCISCO','MONCLOVA','MONCLOVA','COAHUILA','MEXICO','25720','','','','0','',1),(1323,'JAIME ALAN DE LOS SANTOS OLIVAS','SAOJ830731PIA','BLVD. EJERCITO NACIONAL','710','','','SAN FRANCISCO','MONCLOVA','MONCLOVA','COAHUILA','MEXICO','25720','','TRAATSA@YAHOO.COM.MX','','0','',1),(1324,'JESUS EVERARDO DE LOS SANTOS SALAIS','SASJ560902RS6','HUEMAC','1617','','','AZTECA','MONCLOVA','MONCLOVA','COAHUILA','MEXICO','25756','','','','0','',1),(1325,'CESAR MARIO SANCHEZ TREVIÑO','SATC660603IP7','AVENIDA INDUSTRIAL','1502','','','ZONA INDUSTRIAL','MONCLOVA','MONCLOVA','COAHUILA','MEXICO','25750','','','','0','',1),(1326,'SAMUEL SAUCEDO VAZQUEZ','SAVS640828K27','ZARAGOZA','14','','','ESTANCIAS DE SANTA ANA','MONCLOVA','MONCLOVA','COAHUILA','MEXICO','25830','','','','0','',1),(1327,'SERVICIOS Y CONSTRUCCION RELIDA S. DE R.L. DE C.V.','SCR160708216','ADELITAS','1209','','','CAÑADA SUR','MONCLOVA','MONCLOVA','COAHUILA','MEXICO','25760','','','','0','',1),(1328,'SDN U.H.M. 6-G-I','SDN8501014D2','LIB. CARLOS SALINAS DE GORTARI','208','','','AMPLIACION LA SIERRITA','FRONTERA','FRONTERA','COAHUILA','MEXICO','25620','','MERAZ1978@HOTMAIL.COM','','0','',1),(1329,'SERVICIOS ELECTROMECANICOS Y ESTRUCTURALES S.A. DE C.V.','SEE961125C6A','CHIHUAHUA','521','','','ZONA CENTRO','FRONTERA','FRONTERA','COAHUILA','MEXICO','25600','','','','0','',1),(1330,'SECRETARIA EDUCACION PUBLICA','SEP210905778','CALLE NEZAHUALCOYOTL','127','','','CENTRO (AREA 8)','CUAUHTEMOC','CUAUHTEMOC','DISTRITO FEDERAL','MEXICO','06080','','ERVEYROBERTO.MARTINEZ@BBVA.COM','','0','',1),(1331,'SERVICIOS ESPECIALIZADOS RIGSA S.A. DE C.V.','SER151111QW4','COFRE DE PEROTE','1900','','','LOS BOSQUES','MONCLOVA','MONCLOVA','COAHUILA','MEXICO','25710','','','','0','',1),(1332,'ARTURO SERNA RIOS','SERA590212J97','CARRETERA MONTERREY-COLOMBIA K 144','','','','CENTRO','LAMPAZOS DE NARANJO','LAMPAZOS DE NARANJO','NUEVO LEON','MEXICO','65070','','','','0','',1),(1333,'SERVICIOS GTA SA DE CV','SGT101216J43','SINALOA','113','','','BELLAVISTA','FRONTERA','FRONTERA','COAHUILA','MEXICO','25650','','','','0','',1),(1334,'SUPER LA HACIENDA JUAREZ S. DE R.L. DE C.V.','SHJ150210DR8','JOSE MARIA MORELOS','300','','','MONCLOVA CENTRO','MONCLOVA','MONCLOVA','COAHUILA','MEXICO','25700','','','','0','',1),(1335,'SERVICIOS INDUSTRIALES ELECTRONICOS SIGNALS S.A. DE C.V.','SIE140703SL6','BLVD. JOSE SARMIENTO','519','','','VIRREYES OBRERA','SALTILLO','SALTILLO','COAHUILA','MEXICO','25220','','','','0','',1),(1336,'GERARDO EMMANUEL SIERRA GONZALEZ','SIGG890214UT6','GARITA','636','','','ZONA CENTRO','MONCLOVA','MONCLOVA','COAHUILA','MEXICO','25700','','TRANSPORTES-SIERRA@HOTMAIL.COM','','0','',1),(1337,'SISTEMAS DE IDENTIFICACIÓN LUMINOSA,S.A. DE C.V.','SIL9612104B6','CARRETERA 57','KM 4','','','STA ISABEL','MONCLOVA','MONCLOVA','COAHUILA','MEXICO','25732','','SILSACONTABILIDAD@HOTMAIL.COM','','0','',1),(1338,'SERVICIOS INDUSTRIALES DE MONCLOVA S.A. DE C.V.','SIM130805T11','RIO GRIJALVA','2722','','','BRISAS DEL VALLE','MONCLOVA','MONCLOVA','COAHUILA','MEXICO','25724','','QUETZALCOATL@FACTURANDOENLINEA.COM','','0','',1),(1339,'CESAR SIFUENTES MORENO','SIMC750201NT7','PRIVADA PROGRESO','726','','','ZONA CENTRO','MONCLOVA','MONCLOVA','COAHUILA','MEXICO','25700','','SIM.SIFUENTES@YAHOO.COM.MX','','0','',1),(1340,'MIGUEL SILVA MORALES','SIMM9311168X4','ALTOS IBARRA','456','','','ZONA CENTRO','MONCLOVA','MONCLOVA','COAHUILA','MEXICO','25700','','quillalr18@gmail.com','','0','',1),(1341,'SISTEMAS METALURGICOS DE MONCLOVA S.A. DE C.V.','SMM901008LQ1','TAMAULIPAS','707','','','LOS PINOS','MONCLOVA','MONCLOVA','COAHUILA','MEXICO','25720','','','','0','',1),(1342,'SOLDADURA Y PAILERIA FRONTERA S.A. DE C.V.','SPF150618ACO','ORIENTAL','318','','','ZONA CENTRO FRONTERA','FRONTERA','FRONTERA','COAHUILA','MEXICO','25600','','axel.reyes@sypfrontera.com','','0','',1),(1343,'SERVICIOS Y RECUBRIMIENTOS TERMICOS DE MONCLOVA','SRT110719NC9','ALDAMA','311','','','MONCLOVA CENTRO','MONCLOVA','MONCLOVA','COAHUILA','MEXICO','25700','','','','0','',1),(1344,'GLORIA YANETH SUAREZ CHAVEZ','SUCG820212REA','DE LA FUENTE','401','','','ZONA CENTRO','FRONTERA','FRONTERA','COAHUILA','MEXICO','25600','','','','0','',1),(1345,'EMMA GRACIELA SUAREZ ESQUIVEL','SUEE701231UQ7','MATAMOROS','426','','','ZONA CENTRO','MONCLOVA','MONCLOVA','COAHUILA','MEXICO','25700','','','','0','',1),(1346,'DULCE CRISTAL SUAREZ GARZA','SUGD850103DS5','PASEO DEL ROCIO','310 INT','','','VILLAS DE SANTA ANA','MONCLOVA','MONCLOVA','COAHUILA','MEXICO','25710','','','','0','',1),(1347,'COMPAÑÍA TRANSPORTISTA DE AMERICA S.A. DE C.V.','TAM030428TIA','CALLE 11','1008','','','FRACC. CARLOS SALINAS DE GORTARI','MONCLOVA','MONCLOVA','COAHUILA','MEXICO','25790','','','','0','',1),(1348,'TEC - TECNOLOGIA EN CONSTRUCCION MONCLOVA S.A DE C.V.','TCM140206219','Rio Monclova','1821','','','DEL VALLE','MONCLOVA','MONCLOVA','COAHUILA','MEXICO','25730','','TECMONCLOVA@HOTMAIL.COM','','0','',1),(1349,'TELEVIMEX S.A. DE C.V.','TEL531230UH6','AV. VASCO DE QUIROGA','2000','','','DELEG. ALBARO OBREGON','MEXICO','MEXICO','CDMX','MEXICO','01210','','','','0','',1),(1350,'TECNO ELASTOMEROS S.A. DE C.V.','TEL860625DE5','CARRETERA 57 KM. 1050.5','1307','','','FRACCIONAMIENTO INDUSTRIAL','MONCLOVA','MONCLOVA','COAHUILA','MEXICO','25790','','','','0','',1),(1351,'LUIS ALFONSO TREVIÑO PRUNEDA','TEPL800206888','GUERRERO','618','','','BELLAVISTA','FRONTERA','FRONTERA','COAHUILA','MEXICO','25650','','','','0','',1),(1352,'TALLERES ESPECIALES S.A. DE C.V.','TES810321QK0','AV. ADOLFO LOPEZ MATEOS','117','','','BARRERA','MONCLOVA','MONCLOVA','COAHUILA','MEXICO','25770','','talleresespeciales@prodigy.net.mx','','0','',1),(1353,'TIMETAL S.A. DE C.V.','TIM0812183X7','PROLONGACION SABINOS','519','','','EJIDAL DE SAN JUAN BAUTISTA','MONCLOVA','MONCLOVA','COAHUILA','MEXICO','25710','','','','0','',1),(1354,'TRINITY INDUSTRIES DE MEXICO S. DE R.L. DE C.V.','TIM9112096J4','CALZADA DE LA MARISOLES','LT1','','','EX HACIENDA DE XALPA','HUEHUETOCA','HUEHUETOCA','MEXICO','MEXICO','54680','','CLAUDIA.ALANIS@TRIN.NET','','0','',1),(1355,'TECNOFORMA INGENIERIA S.A. DE C.V.','TIN971023JW4','JIMENEZ','648','','','SANTA BARBARA','MONCLOVA','MONCLOVA','COAHUILA','MEXICO','25740','','holme@prodigy.net.mx','','0','',1),(1356,'ALVARO HECTOR TIJERINA RODRIGUEZ','TIRA351015C13','MIGUEL HIDALGO','10','','','ZONA CENTRO','CANDELA','CANDELA','COAHUILA','MEXICO','25570','','','','0','',1),(1357,'TESORERIA MUNICIPAL DE CASTAÑOS COAHUILA','TMC6401019D1','HIDALGO','100','','','ZONA CENTRO','CASTAÑOS','CASTAÑOS','COAHUILA','MEXICO','25870','','','','0','',1),(1358,'TECNOREFACCIONES Y MAQUINARIA MEGA S.A. DE C.V.','TMM150320I4A','San Buenaventura','124-A','Local 1','','EL PUEBLO','MONCLOVA','MONCLOVA','COAHUILA','MEXICO','25730','','TECNOREFACCIONESMEGA@GMAIL.COM','','0','',1),(1359,'CLAUDIO FEDERICO ADRIAN TOVAR GARCIA','TOGC680705BV2','BLVD FCO I MADERO','1201','','','GUADALUPE','MONCLOVA','MONCLOVA','COAHUILA','MEXICO','25750','','LLANTIMAX_MVA01@HOTMAIL.COM','','0','',1),(1360,'TRUMEN OPERACION Y MANTENIMIENTO S.A. DE C.V.','TOM1012213S7','JOSE ELEUTERIO GONZALEZ','414','','','PEÑA GUERRA','SAN NICOLAS DE LOS GARZAS','SAN NICOLAS DE LOS GARZAS','NUEVO LEON','MEXICO','66490','','MATEOFAESA@MSN.COM','','0','',1),(1361,'TRANSPORTE DE PERSONAL CASTAÑOS S.A. DE C.V.','TPC080219VC1','ALVARO OBREGON','419','','','INDEPENDENCIA NORTE','CASTAÑOS','CASTAÑOS','COAHUILA','MEXICO','25870','','','','0','',1),(1362,'TRAMETAL S.A. DE C.V.','TRA0706275U7','LIB. CARLOS SALINAS DE GORTARI','S/N KM 7','','','AVIACION','FRONTERA','FRONTERA','COAHUILA','MEXICO','25617','','MARCANTONI_69@HOTMAIL.COM','','0','',1),(1363,'TRB REFRACTORIES S.A. DE C.V.','TRE1308224G9','URUGUAY','515','','','GUADALUPE','MONCLOVA','MONCLOVA','COAHUILA','MEXICO','25750','','','','0','',1),(1364,'TRITURADOS EL ROBLE S.A. DE C.V.','TRO720815I1A','CARRETERA A LAS PEDRERAS KM 5.2','','','','SAN MIGUEL DE LOS GARZA','ESCOBEDO','ESCOBEDO','NUEVO LEON','MEXICO','66050','','','','0','',1),(1365,'TECNOLOGIA EN SOLDADURA Y CORTE S.A. DE C.V.','TSC990407D64','PASEO DE LA REFORMA','180','','','JUAREZ','DELEGACION JUAREZ','DELEGACION JUAREZ','DISTRITO FEDERAL','MEXICO','06600','','','','0','',1),(1366,'TRUCKING TRANSPORT STEEL COMPANY S.A. DE C.V.','TTS130122140','CUATROCIENEGAS','113','','','GUADALUPE','MONCLOVA','MONCLOVA','COAHUILA','MEXICO','25750','','','','0','',1),(1367,'UNIVERSIDAD AUTÓNOMA DE COAHUILA','UAC730403446','BOULEVARD VENUSTIANO CARRANZA','SIN NÚMERO','','','REPÚBLICA ORIENTE','SALTILLO','SALTILLO','COAHUILA','MEXICO','25280','','','','0','',1),(1368,'CARLOS JOAQUIN UGALDE GONZALEZ','UAGC7811046T3','BLVD. EJERCITO NACIONAL','901','','','SAN FRANCISCO','MONCLOVA','MONCLOVA','COAHUILA','MEXICO','25720','','facturacion@homestone.com.mx','','0','',1),(1369,'UNIVERSIDAD TECNOLOGICA DE LA REGION CENTRO DE COAHUILA','UTR010424K70','CARRETERA 57 KM 14.5','KM 14.5','','','TRAMO MONCLOVA-SABINAS','MONCLOVA','MONCLOVA','COAHUILA','MEXICO','25710','','','','0','',1),(1370,'ALBERTO VARELA ARMENDARIZ','VAAA760620FY5','GUADALUPE VICTORIA','631','','','HEROES DEL 47','MONCLOVA','MONCLOVA','COAHUILA','MEXICO','25740','','','','0','',1),(1371,'ELVA VARA GONZALEZ','VAGE401016752','BLVD.JUAREZ','403','','','PALMA','MOCLOVA','MONCLOVA','COAHUILA','MEXICO','25730','','','','0','',1),(1372,'JULIO VALDES GARCIA','VAGJ600805RJ9','2 DE ABRIL','300','','','EL PUEBLO','MONCLOVA','MONCLOVA','COAHUILA','MEXICO','25730','','RECCHUM@GMAIL.COM','','0','',1),(1373,'ENRIQUE ALFONSO VALDES PORTALES','VAPE761218G19','CARRETERA LIBRAMIENTO CARLOS SLINAS DE GORTARI KM. 15.1','','','','FRACCIONAMIENTO AEROPUERTO','FRONTERA','FRONTERA','COAHUILA','MEXICO','25617','','','','0','',1),(1374,'EDGAR ARTURO VAZQUEZ RODRIGUEZ','VARE951009RW0','JUAREZ','410','','','BELLAVISTA','FRONTERA','FRONTERA','COAHUILA','MEXICO','25650','','','','0','',1),(1375,'ANA VELIA VALDEZ SAUCEDO','VASA730702RR0','ARTURO MENDEZ DE LA GARZA','412','','','FRACCIONAMIENTO FRANCISCO I. MADERO','MONCLOVA','MONCLOVA','COAHUILA','MEXICO','25700','','CONDUELECTRICA@HOTMAIL.COM','','0','',1),(1376,'JESUS ALBERTO VALDEZ SALINAS','VASJ800408RT3','ANAHUAC','424','','','AZTECA','MONCLOVA','MONCLOVA','COAHUILA','MEXICO','25756','','','','0','',1),(1377,'MARIA TERESA VERDUZCO MONCADA','VEMT620216HF2','PUEBLA SUR','411','','','CENTRO','SAN BUENAVENTURA','SAN BUENAVENTURA','COAHUILA','MEXICO','25500','','romerocam69@hotmail.com','','0','',1),(1378,'JULIO ANDRÉS VERA VAZQUEZ','VEVJ850606MG1','CENTRO COMERCIAL INSURGENTES','','2D','','JARDINES DEL MORAL','LEÓN','LEÓN','GUANAJUATO','MEXICO','37160','','','','0','',1),(1379,'CESAR VILLARREAL GARZA','VIGC701023P96','CARRETERA 57','122','','','ESTANCIAS DE SAN JUAN BAUTISTA','MONCLOVA','MONCLOVA','COAHUILA','MEXICO','25733','','CESAR@CHAMPIONCOAT.COM.MX','','0','',1),(1380,'CESAR VILLARREAL GARCIA','VIGC750724FHA','JUAN SARABIA','444','','','FRACC. FRANCISCO I. MADERO','MONCLOVA','MONCLOVA','COAHUILA','MEXICO','25790','','','','0','',1),(1381,'VERONICA VILLARREAL LOPEZ','VILV720711PP9','FRANCISCO VILLA','1222','','','1 DE MAYO','MONCLOVA','MONCLOVA','COAHUILA','MEXICO','25760','','','','0','',1),(1382,'HECTOR OMAR VILLARREAL MARTINEZ','VIMH640713NB7','ABASOLO','816','A','','ZONA CENTRO','MONCLOVA','MONCLOVA','COAHUILA','MEXICO','25700','','','','0','',1),(1383,'MONICA LIZETH VILLALVA RENDON','VIRM800429171','JUAN SARABIA','419','','','FRACCIONAMIENTO FRANCISCO I. MADERO','MONCLOVA','MONCLOVA','COAHUILA','MEXICO','25790','','polifibras@hotmail.com','','0','',1),(1384,'VERENNA TRADE S.A.S. DE C.V.','VTR1703103CA','COLINA DE LA PAZ','118','','','BOULEVARES','NAUCALPAN EDO. MEX','NAUCALPAN EDO. MEX','MEXICO','MEXICO','53140','','','','0','',1),(1385,'REFUGIO ROMO RANGEL','XAXX010101000','S/N','S/N','','','S/N','NUEVO POBLADO DE SARDINAS','NADADORES','COAHUILA','MEXICO','27550','','','','0','',1),(1386,'BLANCA BERENICE ZAMORA CAMPOS','ZACB911007526','CALLE DECIMA','1623','','','CIUDAD DEPORTIVA','MONCLOVA','MONCLOVA','COAHUILA','MEXICO','25750','','','','0','',1),(1387,'GABRIELA ZAPATA CANIZALES','ZACG820221MG8','LIBERTAD','211','','','ZONA CENTRO','FRONTERA','FRONTERA','COAHUILA','MEXICO','25600','','','','0','',1),(1388,'ROBERTO CARLOS ZAMORA TORRES','ZATR750605LJ5','FRANCISCO JAVIER MINA','708','','','GUADALUPE BORJA','FRONTERA','FRONTERA','COAHUILA','MEXICO','25680','','','','0','',1),(1389,'SOFIA GRACIELA ZERTUCHE CARRERA','ZECS651214CB4','BLVD. SAN BUENAVENTURA','1900','','','LOS BOSQUES','MONCLOVA','MONCLOVA','COAHUILA','MEXICO','25710','','','','0','',1),(1390,'PROYECTOS SANTA FE S. DE R.L. DE C.V.','PSF0807234Z0','TEZOZOMOC','300','','','CD. DEPORTIVA','MONCLOVA','MONCLOVA','COAHUILA','MEXICO','25750','','','','','',1),(1391,'JESUS EBERARDO DE LOS SANTO SALAIS ','SASJ560902R56','HUEMAC ','1617','','','AZTECA ','MONCLOVA ','MONCLOVA ','COAHUILA ','MEXICO ','25756','6354700','jesus_santos25@hotmail.com','','','',1),(1392,'SERVICIOS INDUSTRIALES FERROVIARIOS ANCIRA GARZA S.A DE C.V.','SIF071031SJ4','BLVD. JULIO VERNE','430','','','10 DE MAYO','FRONTERA','FRONTERA','COAHUILA','MEXICO','25668','','','','','',1),(1393,'EL PALENQUE RESTAURANT S.A. DE C.V.','PRE9704238U8','HUEMAC','1124','','','ANAHUAC','MONCLOVA','MONCLOVA','COAHUILA','MEXICO','25750','','','','','',1),(1394,'AUTO SERVICIO COAHUILA S.A DE C.V.','ASC920413FD5','CARRETERA 57 KM 183','300','','','ASTURIAS','MONCLOVA','MONCLOVA','COAHUILA','MEXICO','25790','','','','','',1),(1395,'OCTAVIO JOSE MAY MERINO','MAMX651113MP2','AV. I. ZARAGOZA','1009','','','CENTRO','COATZACOALCOS','COATZACOALCOS','VERACRUZ','MEXICO','96400','','','','','612',1);
/*!40000 ALTER TABLE `DatosFacturacion` ENABLE KEYS */;
UNLOCK TABLES;

--
-- Table structure for table `Empresas`
--

DROP TABLE IF EXISTS `Empresas`;
/*!40101 SET @saved_cs_client     = @@character_set_client */;
/*!40101 SET character_set_client = utf8 */;
CREATE TABLE `Empresas` (
  `idEmpresa` int(11) NOT NULL AUTO_INCREMENT,
  `nombre` varchar(255) NOT NULL,
  `idDatosFacturacion` int(11) NOT NULL,
  `noCertificado` varchar(100) NOT NULL,
  `fechaVencimiento` datetime DEFAULT NULL,
  `textoCertificado` text NOT NULL,
  `estatus` int(11) NOT NULL,
  PRIMARY KEY (`idEmpresa`)
) ENGINE=InnoDB AUTO_INCREMENT=23 DEFAULT CHARSET=utf8;
/*!40101 SET character_set_client = @saved_cs_client */;

--
-- Dumping data for table `Empresas`
--

LOCK TABLES `Empresas` WRITE;
/*!40000 ALTER TABLE `Empresas` DISABLE KEYS */;
INSERT INTO `Empresas` VALUES (3,'MEGA',1358,'',NULL,'',1),(4,'COAR',0,'',NULL,'',1),(5,'ELIZONDO-CASTRO',0,'',NULL,'',1),(6,'ARCE',0,'',NULL,'',1),(7,'KIKAPOO',0,'',NULL,'',1),(8,'AMSA',0,'',NULL,'',1),(9,'VIVEN',0,'',NULL,'',1),(10,'CASO',0,'',NULL,'',1),(11,'LUIS ALFONSO GUTIERREZ GARCIA',0,'',NULL,'',1),(12,'JUAN JOSE BARRIOS CISNEROS',0,'',NULL,'',1),(13,'JOSE SALVADOR SANCHEZ MARTINEZ',0,'',NULL,'',1),(14,'JOSE CARLOS IBARRA MARTINEZ',0,'',NULL,'',1),(15,'OSCAR EFREN GARZA MARTINEZ',0,'',NULL,'',1),(16,'ANDRES ALEJANDRO REGINO VALDEZ',0,'',NULL,'',1),(17,'OSCAR EDUARDO GODINA VALDEZ',0,'',NULL,'',1),(18,'VICTOR MARIO SERVIN MARES',0,'',NULL,'',1),(19,'BRANDO JONATHAN CONTRERAS ALVAREZ',0,'',NULL,'',1),(20,'Noe Francisco Zarazua Reyna',0,'',NULL,'',1),(21,'PROYECTO SANTA FE S.A. DE C.V.',0,'',NULL,'',1),(22,'Hospital May',1395,'00001000000404145213','2019-05-05 00:00:00','MIIGTTCCBDWgAwIBAgIUMDAwMDEwMDAwMDA0MDQxNDUyMTMwDQYJKoZIhvcNAQELBQAwggGyMTgwNgYDVQQDDC9BLkMuIGRlbCBTZXJ2aWNpbyBkZSBBZG1pbmlzdHJhY2nDs24gVHJpYnV0YXJpYTEvMC0GA1UECgwmU2VydmljaW8gZGUgQWRtaW5pc3RyYWNpw7NuIFRyaWJ1dGFyaWExODA2BgNVBAsML0FkbWluaXN0cmFjacOzbiBkZSBTZWd1cmlkYWQgZGUgbGEgSW5mb3JtYWNpw7NuMR8wHQYJKoZIhvcNAQkBFhBhY29kc0BzYXQuZ29iLm14MSYwJAYDVQQJDB1Bdi4gSGlkYWxnbyA3NywgQ29sLiBHdWVycmVybzEOMAwGA1UEEQwFMDYzMDAxCzAJBgNVBAYTAk1YMRkwFwYDVQQIDBBEaXN0cml0byBGZWRlcmFsMRQwEgYDVQQHDAtDdWF1aHTDqW1vYzEVMBMGA1UELRMMU0FUOTcwNzAxTk4zMV0wWwYJKoZIhvcNAQkCDE5SZXNwb25zYWJsZTogQWRtaW5pc3RyYWNpw7NuIENlbnRyYWwgZGUgU2VydmljaW9zIFRyaWJ1dGFyaW9zIGFsIENvbnRyaWJ1eWVudGUwHhcNMTYxMTA0MjAyNjMwWhcNMjAxMTA0MjAyNjMwWjCB7TEvMC0GA1UEAxMmQU1TQSBERVNBUlJPTExPUyBJTkRVU1RSSUFMRVMgU0EgREUgQ1YxLzAtBgNVBCkTJkFNU0EgREVTQVJST0xMT1MgSU5EVVNUUklBTEVTIFNBIERFIENWMS8wLQYDVQQKEyZBTVNBIERFU0FSUk9MTE9TIElORFVTVFJJQUxFUyBTQSBERSBDVjElMCMGA1UELRMcQURJMTYwODExVVQ4IC8gR1VHTDc5MTAwOEdHMTEeMBwGA1UEBRMVIC8gR1VHTDc5MTAwOEhDTFRSUzAwMREwDwYDVQQLEwhNT05DTE9WQTCCASIwDQYJKoZIhvcNAQEBBQADggEPADCCAQoCggEBAIFPcTW6QBmh CiHO17Yc447Y8ZWpRQS1qhRQaFwEd3 CLhi54l9S/TjGt0p1JcFFFU/JTOu3NL4eg9thUWD4oRbQvGkx6lu91Vly2mhzRa66mAherzJLiCekjY6ClbBQv1e/EHf9bMG/hEhNLZccRoTgrBQbpPlb7hthYkh0V9YOp1E3SCSGp8ZTs20FeJ5qrBQaJ Z63iai7QTY9SGUqPmY1fHzP5a/uRDACPGNw15Yaq22tvDlzVrpztl3xxYI8E6KVX9ZJPIFzRsuM f8goYa3LdsAv2xBBK2iOdta6YRhKOFvRC3m9wWzqEIOPvfHD0HSnMVKefnQq3lkPAuh0CAwEAAaMdMBswDAYDVR0TAQH/BAIwADALBgNVHQ8EBAMCBsAwDQYJKoZIhvcNAQELBQADggIBAJxXaCwEBr9ybszpPL3bCkSbJBG3Q/lLwZECfRq1dyWOlFFao0XJYoQ/0lk4/H9n1OMsCqjzqr3GyN05paVGX20we6L1J50S2Pu3UG4hQwuRWfVHF1XZAslAW61RPOLZUHZ uKTQmEmUKfte1YwKCCNVL1zNWYK7yTUEd5DnCsgvLsx46gvjJNed/Er4v474KkOQTLQrsk27L/TkE67JyNO/XlnfD0I 6vfFFQaLk6S1rumRTtxikIu/WJ6rXquQn32d0vGlmyuTF4gUTa8MwaFocNRWkq UcHo82amAlgKtnWDVfru0C1kF8VW37ePIX2Dc5oEEkoZEdg1aVd 7nCzy4g3llt2jFkrRY5HGg/wraAZQoMnYWe5vXr4ZpPIYrMAYE3TCrssD/RcsIBmYwnorU4e22CHx/6mOCmL5fVJdaW LSwoIuVjSTpUmnqFrxIizrULlm77TzE6L8heqrrKHSAvSxOwhJb/PepIB1OCQ8tSxuYoNOavE/PFkq44NO2/tTXxcIDGioJe0XH3WcYdrO1Y/RxGJJtSOhnJARe5tyFpTluUMkqp0Ikqv Q0VwntPbcdrDG48N8JxUrXVgvN/acqviqZIlJvAcF P/lEGS1ne2vZ5t2Uq9wFSU22lyQdSRGvxT408KyGubp9MW0rcDjf1gCkUjPPidb3vvOuf',1);
/*!40000 ALTER TABLE `Empresas` ENABLE KEYS */;
UNLOCK TABLES;

--
-- Table structure for table `FacturasEmitidas`
--

DROP TABLE IF EXISTS `FacturasEmitidas`;
/*!40101 SET @saved_cs_client     = @@character_set_client */;
/*!40101 SET character_set_client = utf8 */;
CREATE TABLE `FacturasEmitidas` (
  `idFacturaEmitida` int(11) NOT NULL AUTO_INCREMENT,
  `tipoFactura` int(11) NOT NULL,
  `idElemento` int(11) NOT NULL,
  `UUID` varchar(250) NOT NULL,
  `cantidadFacturada` varchar(45) NOT NULL,
  `fecha` date NOT NULL,
  `hora` time NOT NULL,
  `usuario` int(11) NOT NULL,
  `estatus` int(11) NOT NULL,
  PRIMARY KEY (`idFacturaEmitida`)
) ENGINE=InnoDB DEFAULT CHARSET=utf8;
/*!40101 SET character_set_client = @saved_cs_client */;

--
-- Dumping data for table `FacturasEmitidas`
--

LOCK TABLES `FacturasEmitidas` WRITE;
/*!40000 ALTER TABLE `FacturasEmitidas` DISABLE KEYS */;
/*!40000 ALTER TABLE `FacturasEmitidas` ENABLE KEYS */;
UNLOCK TABLES;

--
-- Table structure for table `GastosClientes`
--

DROP TABLE IF EXISTS `GastosClientes`;
/*!40101 SET @saved_cs_client     = @@character_set_client */;
/*!40101 SET character_set_client = utf8 */;
CREATE TABLE `GastosClientes` (
  `idGastoCliente` int(11) NOT NULL AUTO_INCREMENT,
  `idPromotor` int(11) NOT NULL,
  `idEmpresa` int(11) NOT NULL,
  `idCliente` int(11) NOT NULL,
  `idBanco` int(11) NOT NULL,
  `fecha` date NOT NULL,
  `hora` time NOT NULL,
  `cantidadTotal` varchar(255) NOT NULL,
  `porcentaje` varchar(255) NOT NULL,
  `idUsuario` int(11) NOT NULL,
  `metodoDePago` varchar(3) NOT NULL,
  `formaDePago` int(2) NOT NULL,
  `moneda` varchar(3) NOT NULL,
  `tipoCambio` varchar(250) NOT NULL,
  `estatus` int(11) NOT NULL,
  PRIMARY KEY (`idGastoCliente`)
) ENGINE=InnoDB AUTO_INCREMENT=404 DEFAULT CHARSET=utf8;
/*!40101 SET character_set_client = @saved_cs_client */;

--
-- Dumping data for table `GastosClientes`
--

LOCK TABLES `GastosClientes` WRITE;
/*!40000 ALTER TABLE `GastosClientes` DISABLE KEYS */;
INSERT INTO `GastosClientes` VALUES (18,28,7,686,3,'2017-09-04','14:56:05','100000.00','.03',8,'',0,'','',1),(19,25,5,912,4,'2017-09-04','14:57:19','14270.00','.02',8,'',0,'','',1),(20,25,5,912,4,'2017-09-04','14:58:05','15515.00','.02',8,'',0,'','',2),(21,28,11,543,4,'2017-09-04','15:00:37','16300.00','.025',8,'',0,'','',1),(22,28,14,543,4,'2017-09-04','15:01:55','16700.00','.02',8,'',0,'','',1),(23,25,15,827,4,'2017-09-04','15:04:44','48900.00','.02',8,'',0,'','',1),(24,28,13,897,4,'2017-09-04','15:07:26','32480.00','.05',8,'',0,'','',1),(25,32,5,618,4,'2017-09-04','15:09:58','30000.00','.02',8,'',0,'','',1),(26,21,5,597,4,'2017-09-05','15:17:00','29580.00','.02',8,'',0,'','',1),(27,25,5,558,4,'2017-09-05','15:17:49','42218.00','.01',8,'',0,'','',1),(28,18,6,777,3,'2017-09-05','15:18:41','35210.00','.02',8,'',0,'','',1),(29,25,7,506,3,'2017-09-05','15:20:08','290000.00','.01',8,'',0,'','',1),(30,28,9,574,3,'2017-09-05','15:20:50','13000.00','.02',8,'',0,'','',1),(31,28,7,686,3,'2017-09-06','15:36:11','225000.00','.02',8,'',0,'','',1),(32,25,8,896,3,'2017-09-06','15:36:57','133748.00','.02',8,'',0,'','',1),(33,25,6,896,3,'2017-09-06','15:37:48','95451.76','.02',8,'',0,'','',1),(34,22,7,723,3,'2017-09-06','15:47:41','14000.00','.02',8,'',0,'','',1),(35,25,5,764,4,'2017-09-06','15:48:19','11653.00','.01',8,'',0,'','',1),(36,25,5,642,4,'2017-09-06','15:54:11','6380.00','.01',8,'',0,'','',1),(37,25,6,642,3,'2017-09-06','15:54:53','9860.00','.01',8,'',0,'','',1),(38,25,6,641,3,'2017-09-06','15:55:42','12180.00','.01',8,'',0,'','',1),(39,25,6,642,3,'2017-09-06','15:56:38','13439.99','.01',8,'',0,'','',1),(40,25,6,642,3,'2017-09-06','15:57:14','13439.99','.01',8,'',0,'','',1),(41,25,6,641,3,'2017-09-06','15:57:58','13439.99','.01',8,'',0,'','',1),(42,25,6,642,3,'2017-09-06','15:58:37','16820.00','.01',8,'',0,'','',1),(43,25,6,642,3,'2017-09-06','15:59:19','20242.00','.01',8,'',0,'','',1),(44,25,5,764,4,'2017-09-06','16:00:22','11653.00','.02',8,'',0,'','',1),(45,28,4,561,3,'2017-09-06','16:01:38','210443.50','.03',8,'',0,'','',1),(46,31,6,867,3,'2017-09-06','16:02:20','20680.18','.02',8,'',0,'','',1),(47,31,3,867,3,'2017-09-06','16:03:03','42338.84','.02',8,'',0,'','',1),(48,31,5,565,4,'2017-09-06','16:03:59','30705.00','.02',8,'',0,'','',1),(49,17,4,774,4,'2017-09-06','16:05:34','193400.00','.02',8,'',0,'','',1),(50,20,3,528,4,'2017-09-06','16:06:22','36007.56','.02',8,'',0,'','',1),(51,20,5,828,4,'2017-09-05','16:13:47','4640.00','.02',8,'',0,'','',1),(52,17,3,564,4,'2017-09-05','16:14:25','18000.00','.02',8,'',0,'','',1),(53,17,6,790,3,'2017-09-07','10:18:45','68700.00','.02',8,'',0,'','',1),(54,18,8,887,3,'2017-09-07','10:19:42','36424.00','.02',8,'',0,'','',1),(55,18,9,909,3,'2017-09-07','10:22:48','295320.00','.015',8,'',0,'','',1),(56,20,5,812,4,'2017-09-07','10:25:07','53531.00','.02',8,'',0,'','',1),(57,18,8,695,3,'2017-09-07','10:26:09','49996.00','.02',8,'',0,'','',1),(58,17,6,829,3,'2017-09-07','10:28:36','84770.46','.02',8,'',0,'','',1),(59,17,6,840,3,'2017-09-07','10:29:24','11406.00','.02',8,'',0,'','',1),(60,25,3,826,4,'2017-09-07','10:35:27','23055.00','.02',8,'',0,'','',1),(61,21,7,595,3,'2017-09-07','10:40:28','74549.00','.02',8,'',0,'','',1),(62,25,5,558,4,'2017-09-08','13:04:46','17824.00','.01',8,'',0,'','',1),(63,21,5,923,4,'2017-09-08','13:08:43','43000.00','.02',8,'',0,'','',1),(64,18,8,777,3,'2017-09-08','13:13:08','18000.00','.02',8,'',0,'','',1),(65,18,9,777,3,'2017-09-08','13:14:03','12080.00','.02',8,'',0,'','',1),(66,18,6,777,3,'2017-09-08','13:14:54','33100.00','.02',8,'',0,'','',1),(67,25,8,896,3,'2017-09-08','13:15:38','73800.00','.02',8,'',0,'','',1),(68,19,7,650,3,'2017-09-08','13:16:48','200000.00','.015',8,'',0,'','',1),(69,17,6,551,3,'2017-09-08','13:17:37','100428.16','.02',8,'',0,'','',1),(70,17,6,715,3,'2017-09-08','13:19:38','71734.40','.02',8,'',0,'','',1),(71,31,6,895,3,'2017-09-08','13:20:37','58000.00','.02',8,'',0,'','',1),(72,24,7,576,3,'2017-09-08','09:55:32','60340.00','0.00001',8,'',0,'','',1),(73,25,3,877,4,'2017-09-08','09:59:46','179800.00','.01',8,'',0,'','',1),(74,21,4,617,4,'2017-09-08','10:02:43','55755.00','.02',8,'',0,'','',1),(75,25,5,558,4,'2017-09-08','10:03:44','108853.00','.01',8,'',0,'','',1),(76,25,6,877,3,'2017-09-08','10:04:56','70992.00','.01',8,'',0,'','',1),(77,26,8,708,3,'2017-09-08','10:05:45','58000.00','.02',8,'',0,'','',1),(78,26,6,708,3,'2017-09-08','10:06:18','67860.00','.02',8,'',0,'','',1),(79,28,9,574,3,'2017-09-08','10:07:04','25700.00','.02',8,'',0,'','',1),(80,21,7,595,3,'2017-09-12','10:11:44','98089.00','.02',8,'',0,'','',1),(81,25,9,563,3,'2017-09-08','10:13:12','27068.00','.01',8,'',0,'','',1),(82,25,9,563,3,'2017-09-08','10:13:49','15371.00','.01',8,'',0,'','',1),(83,20,3,626,4,'2017-09-08','10:15:20','65134.50','0.0001',8,'',0,'','',1),(84,20,5,731,4,'2017-09-08','10:16:09','147000.00','0.0001',8,'',0,'','',1),(85,20,5,626,4,'2017-09-08','10:17:07','244662.00','0.0001',8,'',0,'','',1),(86,22,8,723,3,'2017-09-08','10:17:56','9231.32','.04',8,'',0,'','',1),(87,22,8,922,3,'2017-09-08','10:19:16','8804.00','.04',8,'',0,'','',1),(88,20,6,528,3,'2017-09-08','10:20:03','74216.80','.02',8,'',0,'','',1),(89,25,5,514,4,'2017-09-08','10:20:45','33170.00','.02',8,'',0,'','',1),(90,19,3,503,4,'2017-09-11','10:26:17','152400.00','.015',8,'',0,'','',1),(91,19,3,650,4,'2017-09-12','10:27:13','165000.00','.015',8,'',0,'','',1),(92,20,3,816,4,'2017-09-11','10:33:49','100000.00','.02',8,'',0,'','',1),(93,20,3,528,4,'2017-09-11','10:34:41','34106.90','.02',8,'',0,'','',1),(94,19,8,577,3,'2017-09-12','09:48:21','100000.00','.015',8,'',0,'','',1),(95,20,5,626,4,'2017-09-12','09:50:03','20293.00','.02',8,'',0,'','',1),(96,20,5,812,4,'2017-09-12','09:51:08','20808.00','.02',8,'',0,'','',1),(97,17,3,790,4,'2017-09-12','09:51:58','167620.00','.02',8,'',0,'','',1),(98,21,4,625,4,'2017-09-12','09:52:42','18627.40','.02',8,'',0,'','',1),(99,28,3,899,4,'2017-09-12','09:54:42','2006.80','.02',8,'',0,'','',1),(100,17,3,829,4,'2017-09-12','09:55:29','61967.20','.02',8,'',0,'','',1),(101,17,3,840,4,'2017-09-12','10:01:14','25075.72','.02',8,'',0,'','',1),(102,32,5,618,4,'2017-09-12','10:03:08','40000.00','.02',8,'',0,'','',1),(103,18,6,789,3,'2017-09-12','10:04:18','120000.00','.02',8,'',0,'','',1),(104,28,8,701,3,'2017-09-13','13:42:54','49000.00','0.03',8,'',0,'','',1),(105,25,4,558,4,'2017-09-13','13:43:57','8360.00','.01',8,'',0,'','',1),(106,31,3,867,4,'2017-09-13','13:44:47','54791.44','.02',8,'',0,'','',1),(107,31,6,867,3,'2017-09-13','13:45:26','21240.86','.02',8,'',0,'','',1),(108,17,7,774,3,'2017-09-13','13:46:12','238100.00','.02',8,'',0,'','',1),(109,19,7,650,3,'2017-09-13','13:49:20','20000.00','.015',8,'',0,'','',1),(110,19,7,577,3,'2017-09-13','13:49:55','120000.00','.015',8,'',0,'','',1),(111,25,7,896,3,'2017-09-13','16:24:03','61043.84','.02',8,'',0,'','',1),(112,20,7,812,3,'2017-09-13','16:24:51','59250.00','.02',8,'',0,'','',1),(113,25,5,558,4,'2017-09-13','16:25:32','51876.00','.01',8,'',0,'','',1),(114,33,8,556,3,'2017-09-14','14:17:11','120000.00','.02',8,'',0,'','',1),(115,17,6,790,3,'2017-09-14','14:18:41','71750.00','.02',8,'',0,'','',1),(116,25,7,506,3,'2017-09-14','14:19:38','191400.00','.015',8,'',0,'','',1),(117,20,20,707,5,'2017-09-14','14:25:29','41272.80','.02',8,'',0,'','',1),(118,20,20,621,5,'2017-09-14','14:52:54','28652.00','.02',8,'',0,'','',1),(119,28,4,561,4,'2017-09-14','14:53:44','210443.50','.03',8,'',0,'','',1),(120,25,4,572,4,'2017-09-14','14:57:16','49219.71','.02',8,'',0,'','',1),(121,20,5,812,4,'2017-09-14','14:58:04','74541.60','.02',8,'',0,'','',1),(122,26,6,708,3,'2017-09-14','14:58:49','76560.00','.02',8,'',0,'','',1),(123,25,6,896,3,'2017-09-14','14:59:27','47792.00','.02',8,'',0,'','',1),(124,28,8,686,3,'2017-09-14','15:00:53','320000.00','.03',8,'',0,'','',1),(125,25,8,896,3,'2017-09-14','15:22:30','56144.00','.02',8,'',0,'','',1),(126,28,7,686,3,'2017-09-14','15:23:05','220000.00','.03',8,'',0,'','',1),(127,28,9,686,3,'2017-09-14','15:23:41','250000.00','.03',8,'',0,'','',1),(128,20,5,528,4,'2017-09-14','16:38:05','83494.48','.02',8,'',0,'','',1),(129,22,8,723,3,'2017-09-14','16:38:51','40478.00','.02',8,'',0,'','',1),(130,25,5,912,4,'2017-09-15','13:09:31','15585.63','.01',8,'',0,'','',1),(131,21,4,562,4,'2017-09-15','13:10:16','44989.19','.02',8,'',0,'','',1),(132,20,3,695,4,'2017-09-15','13:13:15','27376.00','.02',8,'',0,'','',1),(133,20,5,695,4,'2017-09-15','13:14:45','5743.00','.02',8,'',0,'','',1),(134,20,4,695,4,'2017-09-15','13:15:28','36192.00','.02',8,'',0,'','',1),(135,18,8,777,3,'2017-09-15','13:16:25','19800.00','.02',8,'',0,'','',1),(136,18,7,777,3,'2017-09-15','13:16:55','13600.00','.02',8,'',0,'','',1),(137,18,6,777,3,'2017-09-15','13:17:31','30500.00','.02',8,'',0,'','',1),(138,19,7,730,3,'2017-09-15','13:18:17','37232.29','.02',8,'',0,'','',1),(139,20,6,695,3,'2017-09-15','13:19:56','12180.00','.02',8,'',0,'','',1),(140,25,4,896,4,'2017-09-15','13:20:44','125160.52','.02',8,'',0,'','',1),(141,24,4,795,4,'2017-09-15','13:21:43','30900.00','0',8,'',0,'','',1),(142,24,4,795,4,'2017-09-15','13:22:13','30900.00','0',8,'',0,'','',1),(143,21,4,625,4,'2017-09-15','13:23:48','35679.66','.02',8,'',0,'','',1),(144,31,4,565,4,'2017-09-15','13:24:30','20880.00','.02',8,'',0,'','',1),(145,29,3,871,4,'2017-09-15','13:25:22','33524.00','.02',8,'',0,'','',1),(146,29,3,871,4,'2017-09-15','13:26:25','34903.24','.02',8,'',0,'','',1),(147,33,7,770,3,'2017-09-15','13:29:36','52138.52','.03',8,'',0,'','',1),(148,20,3,626,4,'2017-09-15','13:30:43','237868.05','0',8,'',0,'','',1),(149,20,5,731,4,'2017-09-15','13:43:19','160000.00','0',8,'',0,'','',1),(150,31,6,895,3,'2017-09-15','13:44:39','73840.00','.02',8,'',0,'','',1),(151,28,6,574,3,'2017-09-15','13:45:19','50000.00','.03',8,'',0,'','',1),(152,33,9,556,3,'2017-09-15','13:45:56','102000.00','.03',8,'',0,'','',1),(153,28,5,660,4,'2017-09-15','13:46:50','9139.00','.02',8,'',0,'','',1),(154,21,4,625,4,'2017-09-15','13:47:35','15535.50','.02',8,'',0,'','',1),(155,21,5,914,4,'2017-09-15','13:52:26','9280.00','.02',8,'',0,'','',1),(156,21,12,914,4,'2017-09-15','13:53:33','11020','.02',8,'',0,'','',1),(157,25,5,514,4,'2017-09-15','13:54:19','31608.84','.02',8,'',0,'','',1),(158,25,9,563,3,'2017-09-15','13:55:01','24357.42','.01',8,'',0,'','',1),(159,25,9,563,3,'2017-09-15','13:55:38','18042.06','.01',8,'',0,'','',1),(160,23,8,858,3,'2017-09-15','13:56:56','106383.00','.02',8,'',0,'','',1),(161,21,7,595,3,'2017-09-15','13:58:50','104859.00','.02',8,'',0,'','',1),(162,28,8,660,3,'2017-09-15','13:59:35','19480.00','.02',8,'',0,'','',1),(163,20,5,626,4,'2017-09-15','14:00:20','27725.09','0',8,'',0,'','',1),(164,20,6,528,3,'2017-09-15','14:01:01','67849.00','.02',8,'',0,'','',1),(165,28,5,543,4,'2017-09-15','14:02:42','29405.00','.025',8,'',0,'','',1),(166,28,12,543,4,'2017-09-15','14:03:14','27670.00','.025',8,'',0,'','',1),(167,28,15,543,4,'2017-09-15','14:03:59','48720.00','.025',8,'',0,'','',1),(168,28,15,543,4,'2017-09-15','14:04:30','14205.00','.025',8,'',0,'','',1),(169,28,5,543,4,'2017-09-15','14:05:01','9960.00','.025',8,'',0,'','',1),(170,25,7,896,3,'2017-09-18','11:19:10','61712.00','.02',8,'',0,'','',1),(171,25,6,896,3,'2017-09-18','11:19:42','41469.00','.02',8,'',0,'','',1),(172,29,3,515,4,'2017-09-18','11:21:46','31216.52','.02',8,'',0,'','',1),(173,25,6,581,3,'2017-09-18','11:22:36','20000.00','.01',8,'',0,'','',1),(174,25,6,581,3,'2017-09-18','11:23:11','11842.00','.01',8,'',0,'','',1),(175,31,5,579,4,'2017-09-18','11:24:27','29300.00','.02',8,'',0,'','',1),(176,25,5,641,4,'2017-09-18','11:25:43','7389.00','.01',8,'',0,'','',1),(177,25,5,558,4,'2017-09-18','11:26:51','10253.00','.01',8,'',0,'','',1),(178,28,5,660,4,'2017-09-18','11:27:36','17057.00','.02',8,'',0,'','',1),(179,28,5,618,4,'2017-09-18','11:28:24','86000.00','.02',8,'',0,'','',1),(180,31,3,867,4,'2017-09-19','11:21:19','104614.02','.02',8,'',0,'','',1),(181,21,5,537,4,'2017-09-19','11:22:14','53500.00','.02',8,'',0,'','',1),(182,21,4,537,4,'2017-09-19','11:22:54','44300.00','.02',8,'',0,'','',1),(183,23,3,833,4,'2017-09-19','11:23:45','18995.00','.02',8,'',0,'','',1),(184,25,5,558,4,'2017-09-19','11:24:35','64979.00','.01',8,'',0,'','',1),(185,28,3,701,4,'2017-09-19','11:25:36','73000.00','.02',8,'',0,'','',1),(186,18,8,909,3,'2017-09-19','11:27:59','181251.00','.015',8,'',0,'','',1),(187,17,4,774,4,'2017-09-20','11:30:08','196000.00','.02',8,'',0,'','',1),(188,25,9,563,3,'2017-09-20','11:34:51','24890.00','.01',8,'',0,'','',1),(189,25,9,563,3,'2017-09-20','11:35:28','26022.00','.01',8,'',0,'','',1),(190,25,6,563,3,'2017-09-20','11:36:25','30450.00','.01',8,'',0,'','',1),(191,25,6,563,3,'2017-09-20','11:37:01','25077.00','.01',8,'',0,'','',1),(192,26,7,598,3,'2017-09-20','11:39:04','32833.00','.01',8,'',0,'','',1),(193,21,6,617,3,'2017-09-20','11:53:48','45734.21','.02',8,'',0,'','',1),(194,20,3,528,4,'2017-09-20','11:56:47','60271.28','.02',8,'',0,'','',1),(195,20,5,528,4,'2017-09-20','11:58:26','78777.34','.02',8,'',0,'','',1),(196,25,7,861,3,'2017-09-21','12:02:01','58696.00','.01',8,'',0,'','',1),(197,31,6,867,3,'2017-09-21','12:02:44','40999.97','.02',8,'',0,'','',1),(198,18,8,842,3,'2017-09-21','12:03:47','10000.00','.02',8,'',0,'','',1),(199,28,3,596,4,'2017-09-21','12:04:36','181917.00','.03',8,'',0,'','',1),(200,26,8,708,3,'2017-09-25','12:05:37','42340.00','.02',8,'',0,'','',1),(201,26,6,708,3,'2017-09-21','12:06:18','34800.00','.02',8,'',0,'','',1),(202,25,5,558,4,'2017-09-21','12:07:37','225380.00','.01',8,'',0,'','',1),(203,33,8,556,3,'2017-09-21','12:08:14','58000.00','.03',8,'',0,'','',1),(204,17,7,774,3,'2017-09-21','12:09:02','109000.00','.02',8,'',0,'','',1),(205,26,7,521,3,'2017-09-21','12:09:58','900375.00','.02',8,'',0,'','',1),(206,20,8,695,3,'2017-09-21','12:11:03','27666.00','.02',8,'',0,'','',1),(207,20,5,812,4,'2017-09-21','12:12:10','9614.00','.02',8,'',0,'','',1),(208,18,6,777,3,'2017-09-21','12:13:06','31070.00','.02',8,'',0,'','',1),(209,17,6,829,3,'2017-09-21','12:13:53','50558.48','.02',8,'',0,'','',1),(210,26,8,521,3,'2017-09-22','12:16:47','180954.90','.02',8,'',0,'','',1),(211,26,8,884,3,'2017-09-22','12:19:21','44660.00','.02',8,'',0,'','',1),(212,18,7,777,3,'2017-09-22','12:20:09','23400.00','.02',8,'',0,'','',1),(213,18,9,777,3,'2017-09-22','12:20:48','16550.00','.02',8,'',0,'','',1),(214,18,6,777,3,'2017-09-22','12:21:18','39800.00','.02',8,'',0,'','',1),(215,26,7,884,3,'2017-09-22','12:22:06','52803.20','.02',8,'',0,'','',1),(216,28,6,596,3,'2017-09-22','12:23:01','89222.00','.03',8,'',0,'','',1),(217,17,6,829,3,'2017-09-22','12:24:26','19597.00','.02',8,'',0,'','',1),(218,28,4,561,4,'2017-09-22','12:25:30','60000.00','.02',8,'',0,'','',1),(219,25,7,896,3,'2017-09-22','12:26:18','134391.80','.02',8,'',0,'','',1),(220,19,7,730,3,'2017-09-22','12:27:22','21953.86','.02',8,'',0,'','',1),(221,20,3,626,4,'2017-09-22','12:29:29','239079.49','0',8,'',0,'','',1),(222,20,5,731,4,'2017-09-22','12:30:16','150000.00','0',8,'',0,'','',1),(223,31,6,895,3,'2017-09-22','12:31:41','63020.00','.02',8,'',0,'','',1),(224,25,5,514,4,'2017-09-22','12:32:20','24779.92','.02',8,'',0,'','',1),(225,25,9,563,4,'2017-09-22','12:32:55','26500.00','.01',8,'',0,'','',1),(226,29,5,776,4,'2017-09-22','12:33:43','16808.40','.02',8,'',0,'','',1),(227,25,4,572,4,'2017-09-22','12:34:28','51422.64','.015',8,'',0,'','',1),(228,24,8,795,3,'2017-09-22','12:36:02','129000.00','.015',8,'',0,'','',1),(229,24,8,795,3,'2017-09-22','12:36:30','100000.00','.015',8,'',0,'','',1),(230,24,8,795,3,'2017-09-22','12:37:02','16000.00','.015',8,'',0,'','',1),(231,24,7,795,3,'2017-09-22','12:38:04','135000.00','.015',8,'',0,'','',1),(232,18,9,887,3,'2017-09-22','12:38:51','28014.00','.02',8,'',0,'','',1),(233,20,3,520,4,'2017-09-22','12:39:47','276228.48','.02',8,'',0,'','',1),(234,18,3,745,4,'2017-09-22','12:41:31','67000.00','.02',8,'',0,'','',1),(235,22,8,723,3,'2017-09-22','12:42:33','22138.00','.02',8,'',0,'','',1),(236,20,5,812,4,'2017-09-22','12:44:55','63614.30','.02',8,'',0,'','',1),(237,21,7,595,3,'2017-09-22','12:46:30','60635.00','.02',8,'',0,'','',1),(238,33,9,556,3,'2017-09-22','12:47:28','640000.00','.025',8,'',0,'','',1),(239,20,6,528,3,'2017-09-22','12:48:17','63925.28','.02',8,'',0,'','',1),(240,17,3,750,4,'2017-09-22','12:49:30','2494.00','.02',8,'',0,'','',1),(241,26,8,521,3,'2017-09-25','09:59:44','389025.00','.02',8,'',0,'','',1),(242,26,9,884,3,'2017-09-25','10:01:37','31180.00','.02',8,'',0,'','',1),(243,31,5,565,4,'2017-09-25','10:03:30','30705.00','.02',8,'',0,'','',1),(244,25,9,563,3,'2017-09-25','10:04:07','30320.00','.01',8,'',0,'','',1),(245,17,6,715,3,'2017-09-25','10:08:43','215203.20','.02',8,'',0,'','',1),(246,20,5,626,4,'2017-09-25','10:10:03','24723.48','.02',8,'',0,'','',1),(247,21,4,625,4,'2017-09-25','10:10:43','20902.00','.02',8,'',0,'','',1),(248,22,8,723,3,'2017-09-25','10:12:27','27966.00','.02',8,'',0,'','',1),(249,26,8,521,3,'2017-09-25','10:13:15','462000.00','.02',8,'',0,'','',1),(250,25,5,912,4,'2017-09-26','10:14:36','17607.54','.01',8,'',0,'','',1),(251,21,5,597,4,'2017-09-26','10:18:41','52571.20','.02',8,'',0,'','',1),(252,17,3,829,4,'2017-09-26','10:19:22','17788.60','.02',8,'',0,'','',1),(253,25,8,896,3,'2017-09-26','10:21:01','82824','.02',8,'',0,'','',1),(254,25,7,896,3,'2017-09-26','10:22:11','48604.00','.02',8,'',0,'','',1),(255,25,6,896,3,'2017-09-26','10:22:43','63380.00','.02',8,'',0,'','',1),(256,25,5,912,4,'2017-09-26','10:23:15','600.00','.01',8,'',0,'','',1),(257,25,6,896,3,'2017-09-26','10:23:51','12335.44','.02',8,'',0,'','',1),(258,25,8,896,3,'2017-09-26','10:24:24','56361.00','.02',8,'',0,'','',1),(259,25,5,558,4,'2017-09-26','10:25:01','26880.00','.01',8,'',0,'','',1),(260,19,12,631,4,'2017-09-26','10:26:11','15312.00','.015',8,'',0,'','',1),(261,23,8,858,3,'2017-09-26','10:28:27','198640.00','.02',8,'',0,'','',1),(262,23,7,858,3,'2017-09-26','10:28:55','183250.00','.02',8,'',0,'','',1),(263,23,19,858,4,'2017-09-26','10:29:29','218110.00','.02',8,'',0,'','',1),(264,31,5,867,4,'2017-09-27','10:40:13','31105.40','.03',15,'',0,'','',1),(265,31,3,867,4,'2017-09-27','10:41:24','38630.90','.03',15,'',0,'','',1),(266,25,6,896,3,'2017-09-27','12:44:07','48140.00','.02',15,'',0,'','',1),(267,25,7,896,3,'2017-09-27','13:03:41','61733','.02',15,'',0,'','',0),(268,25,7,896,3,'2017-09-27','13:07:23','61712.00','.02',15,'',0,'','',1),(269,19,7,730,3,'2017-09-27','13:57:22','34205.00','.02',15,'',0,'','',1),(270,24,7,576,3,'2017-09-28','10:54:59','59250.00','.00',15,'',0,'','',1),(271,31,4,565,4,'2017-09-28','10:59:30','19093.60','.02',15,'',0,'','',1),(272,18,8,842,3,'2017-09-28','17:02:07','10382.00','.02',15,'',0,'','',1),(273,28,6,686,3,'2017-09-28','17:04:00','115000.00','.03',15,'',0,'','',1),(274,26,8,598,3,'2017-09-28','17:08:25','115430.00','.02',15,'',0,'','',1),(275,25,9,598,3,'2017-09-28','17:09:32','96186.00','.01',15,'',0,'','',1),(276,25,9,598,3,'2017-09-28','17:10:29','112486.00','.01',15,'',0,'','',1),(277,21,4,924,4,'2017-09-28','17:14:28','360000','.02',13,'',0,'','',1),(278,17,4,774,4,'2017-09-28','17:16:16','148650','.02',13,'',0,'','',1),(279,27,4,849,4,'2017-09-28','17:19:54','600000','.01',13,'',0,'','',1),(280,23,9,858,3,'2017-09-28','17:20:17','185200.10','.02',15,'',0,'','',1),(281,25,5,558,4,'2017-09-28','17:21:06','38138','.01',13,'',0,'','',1),(282,25,3,877,4,'2017-09-28','17:22:26','230144','.015',13,'',0,'','',1),(283,23,7,858,3,'2017-09-28','17:22:57','170400.50','.02',15,'',0,'','',1),(284,23,8,858,3,'2017-09-28','17:23:38','145380.70','.02',15,'',0,'','',1),(285,20,5,528,4,'2017-09-28','17:23:45','55459.02','.02',13,'',0,'','',1),(286,17,7,505,3,'2017-09-28','17:24:29','98000.00','.02',15,'',0,'','',1),(287,25,8,861,3,'2017-09-28','17:25:18','48691','.01',15,'',0,'','',1),(288,25,7,861,3,'2017-09-28','17:26:17','40478.20','.01',15,'',0,'','',1),(289,17,6,840,3,'2017-09-28','17:27:10','26279.80','.02',15,'',0,'','',1),(290,17,6,829,3,'2017-09-28','17:27:46','52295.12','.02',15,'',0,'','',1),(291,26,8,708,3,'2017-09-28','17:28:34','48140.','.02',15,'',0,'','',1),(292,26,7,708,3,'2017-09-28','17:29:07','52200.00','.02',15,'',0,'','',1),(293,26,7,884,3,'2017-09-29','10:57:23','34075.00','.02',15,'',0,'','',1),(294,26,6,884,3,'2017-09-29','11:06:27','50924.00','.02',15,'',0,'','',1),(295,28,9,846,3,'2017-09-29','11:07:31','87580.44','.03',15,'',0,'','',1),(296,18,8,909,3,'2017-09-29','11:13:48','38880.00','.015',15,'',0,'','',1),(297,26,7,884,3,'2017-09-29','12:05:08','34075.00','.02',15,'',0,'','',1),(298,21,4,562,4,'2017-09-29','12:07:20','42922.38','.02',13,'',0,'','',0),(299,26,6,884,3,'2017-09-29','12:07:36','50924.00','.02',15,'',0,'','',1),(300,28,5,847,4,'2017-09-29','12:08:23','61553.71','.02',13,'',0,'','',0),(301,28,9,846,3,'2017-09-29','12:08:31','87580.44','.03',15,'',0,'','',1),(302,25,3,514,4,'2017-09-29','12:09:23','32588.04','.02',13,'',0,'','',0),(303,18,8,909,3,'2017-09-29','12:09:45','38880.00','.15',15,'',0,'','',1),(304,25,6,641,3,'2017-09-29','12:10:53','6802.00','.02',15,'',0,'','',1),(305,25,8,896,3,'2017-09-29','12:12:20','98089.60','.02',15,'',0,'','',1),(306,28,4,501,4,'2017-09-29','12:12:25','10200','.02',13,'',0,'','',0),(307,18,7,777,3,'2017-09-29','12:12:56','18700.00','.02',15,'',0,'','',1),(308,18,6,777,3,'2017-09-29','12:13:39','30200.00','.02',15,'',0,'','',1),(309,18,8,777,3,'2017-09-29','12:14:10','15000.00','.02',15,'',0,'','',1),(310,22,8,723,3,'2017-09-29','12:14:57','80218.00','.04',15,'',0,'','',1),(311,21,4,562,4,'2017-09-29','12:15:11','43746.63','.02',13,'',0,'','',1),(312,31,6,895,3,'2017-09-29','12:16:24','39600.00','.02',15,'',0,'','',1),(313,28,5,847,4,'2017-09-29','12:16:55','62633.60','.02',13,'',0,'','',1),(314,33,8,556,3,'2017-09-29','12:17:34','88000.00','.03',15,'',0,'','',1),(315,25,3,514,4,'2017-09-29','12:17:49','33159.76','.02',13,'',0,'','',1),(316,28,4,501,4,'2017-09-29','12:18:36','16000.00','.02',13,'',0,'','',1),(317,21,9,537,3,'2017-09-29','12:18:43','39850.00','.02',15,'',0,'','',1),(318,33,9,574,3,'2017-09-29','12:19:42','30000.00','.02',15,'',0,'','',1),(319,28,4,561,4,'2017-09-29','12:19:45','165000','.03',13,'',0,'','',1),(320,25,3,641,4,'2017-09-29','12:21:01','35000','.015',13,'',0,'','',1),(321,25,3,641,4,'2017-09-29','12:22:10','11866.80','.015',13,'',0,'','',1),(322,25,3,641,4,'2017-09-29','12:22:45','10063.29','.015',13,'',0,'','',1),(323,25,3,641,4,'2017-09-29','12:23:33','18618.67','.015',13,'',0,'','',1),(324,33,7,770,3,'2017-09-29','12:26:26','52138.00','.02',15,'',0,'','',1),(325,25,5,641,4,'2017-09-29','12:27:24','28943.16','.015',13,'',0,'','',1),(326,25,9,563,3,'2017-09-29','12:27:58','19841.57','.01',15,'',0,'','',1),(327,25,5,641,4,'2017-09-29','12:28:01','10556','.015',13,'',0,'','',1),(328,31,3,867,4,'2017-09-29','12:28:57','18208.89','.02',13,'',0,'','',1),(329,25,9,563,3,'2017-09-29','12:28:58','26737.68','.01',15,'',0,'','',1),(330,18,8,887,3,'2017-09-29','12:29:38','24998.00','.02',15,'',0,'','',1),(331,21,5,700,4,'2017-09-29','12:29:43','67500','.02',13,'',0,'','',1),(332,28,8,701,3,'2017-09-29','12:30:50','50000.00','.03',15,'',0,'','',1),(333,29,4,871,4,'2017-09-29','12:30:52','63294.24','.02',13,'',0,'','',1),(334,25,8,896,3,'2017-09-29','12:31:49','44395.52','.02',15,'',0,'','',1),(335,29,5,776,4,'2017-09-29','12:31:57','11000','.02',13,'',0,'','',1),(336,25,4,572,4,'2017-09-29','12:33:05','52284.15','.01',13,'',0,'','',1),(337,32,8,661,3,'2017-09-29','12:33:49','128006.00','.02',15,'',0,'','',1),(338,24,4,795,4,'2017-09-29','12:34:36','30900','0',13,'',0,'','',1),(339,24,4,795,4,'2017-09-29','12:35:20','53100','0',13,'',0,'','',1),(340,24,4,795,4,'2017-09-29','12:35:51','30000','0',13,'',0,'','',1),(341,28,3,538,4,'2017-09-29','12:36:46','17400','.03',13,'',0,'','',1),(342,28,15,538,4,'2017-09-29','12:37:21','11600','.03',13,'',0,'','',1),(343,26,6,896,3,'2017-09-29','12:38:19','99076.76','.02',15,'',0,'','',1),(344,21,5,617,4,'2017-09-29','12:38:39','73961.43','.02',13,'',0,'','',1),(345,22,8,922,3,'2017-09-29','12:39:13','2200.00','.04',15,'',0,'','',1),(346,29,5,871,4,'2017-09-29','12:39:22','24955.08','.02',13,'',0,'','',1),(347,23,8,548,3,'2017-09-29','12:44:11','150300.70','.02',15,'',0,'','',1),(348,23,7,548,3,'2017-09-30','12:44:45','302100.40','.02',15,'',0,'','',1),(349,23,9,548,3,'2017-09-29','12:45:24','150700.30','.02',15,'',0,'','',1),(350,25,8,896,3,'2017-09-29','12:47:59','82896.40','.02',15,'',0,'','',1),(351,22,4,926,4,'2017-09-29','12:51:24','160000','.02',13,'',0,'','',1),(352,21,4,625,4,'2017-09-29','12:52:33','8365.47','.02',13,'',0,'','',1),(353,21,3,607,4,'2017-09-29','12:53:18','45563.81','.02',13,'',0,'','',1),(354,28,5,543,4,'2017-09-29','12:54:35','36886.74','.025',13,'',0,'','',1),(355,21,4,607,4,'2017-09-29','12:55:20','22710.98','.02',13,'',0,'','',1),(356,28,15,543,4,'2017-09-29','12:56:15','45000','.025',13,'',0,'','',1),(357,28,15,543,4,'2017-09-29','12:57:08','19550','.025',13,'',0,'','',1),(358,28,12,543,4,'2017-09-29','12:57:52','18563.23','.025',13,'',0,'','',1),(359,19,5,603,4,'2017-09-29','12:58:41','2916.70','.02',13,'',0,'','',1),(360,19,5,603,4,'2017-09-29','12:59:25','126003.61','.02',13,'',0,'','',1),(361,20,3,626,4,'2017-09-29','13:00:34','110776.28','.02',13,'',0,'','',1),(362,20,5,626,4,'2017-09-29','13:01:27','24295','.02',13,'',0,'','',1),(363,25,5,558,4,'2017-09-29','13:02:45','64357','.01',13,'',0,'','',1),(364,21,3,595,4,'2017-09-29','13:03:24','87481','.02',13,'',0,'','',1),(365,25,3,861,4,'2017-09-29','13:04:23','87481','.02',13,'',0,'','',1),(366,31,5,579,4,'2017-09-30','13:05:14','18792.76','.02',13,'',0,'','',1),(367,18,6,777,3,'2017-10-03','14:56:02','28480.00','.02',15,'',0,'','',1),(368,20,20,707,5,'2017-10-03','14:58:04','68996.80','.02',15,'',0,'','',1),(369,21,9,617,3,'2017-10-03','15:02:48','200000.00','.02',15,'',0,'','',1),(370,17,7,774,3,'2017-10-03','15:42:02','245480.00','.02',15,'',0,'','',1),(371,28,8,660,3,'2017-10-03','15:44:45','49570.00','.02',15,'',0,'','',1),(372,21,5,924,4,'2017-10-03','15:45:27','35500.00','.02',15,'',0,'','',1),(373,26,7,708,3,'2017-10-04','15:27:42','106720.00','.02',15,'',0,'','',1),(374,20,3,816,4,'2017-10-04','15:28:29','33000.00','.02',15,'',0,'','',1),(375,28,8,660,3,'2017-10-04','15:29:26','14513.00','.02',15,'',0,'','',1),(376,28,4,561,4,'2017-10-04','15:30:02','120000.00','.03',15,'',0,'','',1),(377,26,8,884,3,'2017-10-05','16:30:25','22968.00','.02',15,'',0,'','',1),(378,25,19,827,3,'2017-10-05','16:31:02','58500','.02',15,'',0,'','',1),(379,26,8,708,3,'2017-10-05','16:32:19','52780.00','.02',15,'',0,'','',1),(380,31,3,867,4,'2017-10-05','16:45:23','40580','.02',13,'',0,'','',1),(381,21,5,924,4,'2017-10-05','16:46:33','70000','.02',13,'',0,'','',1),(382,25,5,558,4,'2017-10-05','16:47:27','61640','.01',13,'',0,'','',1),(383,26,7,884,3,'2017-10-05','16:49:05','19952.00','.02',15,'',0,'','',1),(384,21,4,607,4,'2017-10-05','16:49:37','31200','.02',13,'',0,'','',1),(385,26,9,884,3,'2017-10-05','16:49:46','27445.00','.02',15,'',0,'','',1),(386,17,7,926,3,'2017-10-05','16:50:23','133900','.02',15,'',0,'','',1),(387,25,6,598,3,'2017-10-05','16:51:26','24542.35','.01',15,'',0,'','',1),(388,25,6,598,3,'2017-10-05','16:52:31','74642.29','.01',15,'',0,'','',1),(389,25,6,598,3,'2017-10-05','16:52:58','58456.92','.01',15,'',0,'','',1),(390,25,6,598,3,'2017-10-05','16:53:37','77070.86','.01',15,'',0,'','',1),(391,25,6,598,3,'2017-10-05','16:54:07','21216.40','.01',15,'',0,'','',1),(392,25,7,598,3,'2017-10-05','16:54:42','49555.06','.01',15,'',0,'','',1),(393,25,7,598,3,'2017-10-05','16:55:11','35727.18','.01',15,'',0,'','',1),(394,17,6,790,3,'2017-10-05','16:55:51','14800.00','.02',15,'',0,'','',1),(395,25,9,877,3,'2017-10-05','16:56:44','127600.00','.01',15,'',0,'','',1),(396,25,6,877,3,'2017-10-05','16:57:17','72500.00','.01',15,'',0,'','',1),(397,18,6,777,3,'2017-10-05','16:57:48','25900.00','.02',15,'',0,'','',1),(398,27,13,927,4,'2017-10-05','17:03:28','453999','.01',13,'',0,'','',1),(399,28,5,928,4,'2017-10-05','17:07:53','15000','.02',13,'',0,'','',1),(400,17,3,502,3,'2017-10-08','23:36:14','150000','0.02',6,'',0,'','',1),(401,17,9,502,3,'2017-10-08','23:42:42','200000','0.03',6,'',0,'','',1),(402,17,5,502,3,'2017-10-08','23:43:38','100000','0.02',6,'',0,'','',1),(403,17,22,500,3,'2017-12-01','01:19:33','63799.99','0.2',6,'PUE',1,'MXN','1',1);
/*!40000 ALTER TABLE `GastosClientes` ENABLE KEYS */;
UNLOCK TABLES;

--
-- Table structure for table `GastosInternos`
--

DROP TABLE IF EXISTS `GastosInternos`;
/*!40101 SET @saved_cs_client     = @@character_set_client */;
/*!40101 SET character_set_client = utf8 */;
CREATE TABLE `GastosInternos` (
  `idGastosInterno` int(11) NOT NULL AUTO_INCREMENT,
  `concepto` text NOT NULL,
  `fecha` date NOT NULL,
  `hora` time NOT NULL,
  `cantidad` varchar(255) NOT NULL,
  `idUsuario` int(11) NOT NULL,
  `estatus` int(11) NOT NULL,
  PRIMARY KEY (`idGastosInterno`)
) ENGINE=InnoDB AUTO_INCREMENT=6 DEFAULT CHARSET=utf8;
/*!40101 SET character_set_client = @saved_cs_client */;

--
-- Dumping data for table `GastosInternos`
--

LOCK TABLES `GastosInternos` WRITE;
/*!40000 ALTER TABLE `GastosInternos` DISABLE KEYS */;
INSERT INTO `GastosInternos` VALUES (3,'Despensa','2017-10-08','17:43:00','2000',2,1),(4,'Jabón para Lavar Ropa','2017-10-08','17:43:00','200',6,1),(5,'Internet','2017-10-08','23:45:00','3000',6,1);
/*!40000 ALTER TABLE `GastosInternos` ENABLE KEYS */;
UNLOCK TABLES;

--
-- Table structure for table `PagosRecibidos`
--

DROP TABLE IF EXISTS `PagosRecibidos`;
/*!40101 SET @saved_cs_client     = @@character_set_client */;
/*!40101 SET character_set_client = utf8 */;
CREATE TABLE `PagosRecibidos` (
  `idPagoRecibido` int(11) NOT NULL AUTO_INCREMENT,
  `idEmpresa` int(11) NOT NULL,
  `idCliente` int(11) NOT NULL,
  `fecha` date NOT NULL,
  `hora` time NOT NULL,
  `formaPago` int(3) NOT NULL,
  `moneda` varchar(3) NOT NULL,
  `cantidadPagada` varchar(250) NOT NULL,
  `tipoCambio` varchar(250) NOT NULL,
  `bancoOrigen` varchar(10) NOT NULL,
  `cuentaOrigen` varchar(250) NOT NULL,
  `bancoReceptor` varchar(10) NOT NULL,
  `cuentaReceptor` varchar(250) NOT NULL,
  `numeroOperacion` varchar(250) NOT NULL,
  `estatus` int(11) NOT NULL,
  PRIMARY KEY (`idPagoRecibido`)
) ENGINE=InnoDB AUTO_INCREMENT=2 DEFAULT CHARSET=latin1;
/*!40101 SET character_set_client = @saved_cs_client */;

--
-- Dumping data for table `PagosRecibidos`
--

LOCK TABLES `PagosRecibidos` WRITE;
/*!40000 ALTER TABLE `PagosRecibidos` DISABLE KEYS */;
INSERT INTO `PagosRecibidos` VALUES (1,22,500,'2017-12-18','02:28:00',28,'MXN','50000','1','40014','','40012','','',1);
/*!40000 ALTER TABLE `PagosRecibidos` ENABLE KEYS */;
UNLOCK TABLES;

--
-- Table structure for table `Usuarios`
--

DROP TABLE IF EXISTS `Usuarios`;
/*!40101 SET @saved_cs_client     = @@character_set_client */;
/*!40101 SET character_set_client = utf8 */;
CREATE TABLE `Usuarios` (
  `idUsuario` int(11) NOT NULL AUTO_INCREMENT,
  `nombreCompleto` varchar(250) NOT NULL,
  `idPerfil` int(11) NOT NULL,
  `nombreUsuario` varchar(250) NOT NULL,
  `passwordUsuario` varchar(250) NOT NULL,
  `correoElectronico` varchar(250) NOT NULL,
  `estatus` int(11) NOT NULL,
  PRIMARY KEY (`idUsuario`)
) ENGINE=InnoDB AUTO_INCREMENT=35 DEFAULT CHARSET=utf8;
/*!40101 SET character_set_client = @saved_cs_client */;

--
-- Dumping data for table `Usuarios`
--

LOCK TABLES `Usuarios` WRITE;
/*!40000 ALTER TABLE `Usuarios` DISABLE KEYS */;
INSERT INTO `Usuarios` VALUES (1,'System',1,'system','system13579086422017','ralpuchev@gmail.com',1),(6,'Rafa Alpuche',1,'ralpuchev','fallo2015','ralpuchev@gmail.com',1),(7,'Carlos Farias',1,'carlos','12345678','',1),(8,'Noé Zarazaua',1,'noe','Orbe 15','noezarazuamva@gmail.com',1),(9,'JORGE VALDEZ PEÑA',2,'jorge2015','orbe123456','facturacion@orbesolutions.mx',1),(11,'nombreCompleto',0,'nombreUsuario','passwordUsusario','correoElectronico',0),(12,'Jonathan Lerma Fuentes',2,'jona2016','Facturacion2018','info@orbesolutions.mx',1),(13,'Mario Escamilla Cedillo',2,'mario2017','Orbe2017','info@orbesolutions.mx',1),(14,'Manuel Martinez',2,'manuel2018','Facturacion2020','info@orbesolutions.mx',1),(15,'Diego Hernandez Andrade',2,'diego2019','Orbe2017','info@orbesolutions.mx',1),(16,'Raul Martell Martinez',1,'raul2020','Facturacion2022','info@orbesolutions.mx',1),(17,'EDGAR DE LEON',3,'EDGAR','orbe12345','',1),(18,'ALFONSO VALDEZ',3,'PONCHO','oRBE 16','',1),(19,'ALAN MARES',4,'ALAN','orbe123456','',1),(20,'GERARDO VALDEZ',3,'GERA','oRBE 18','',1),(21,'HUMBERTO VILLANUEVA',3,'TOCAYO','oRBE 19','',1),(22,'ELEAZAR MARTINEZ',3,'ELEAZAR','oRBE 20','',1),(23,'ERVEY MARTINEZ',3,'ERVEY','oRBE 21','',1),(24,'ALEJANDRO VALDEZ',3,'ALEX','oRBE 22','',1),(25,'MARCO ANTONIO RODRIGUEZ',3,'MARCO','oRBE 23','',1),(26,'RICARDO CAMPOS',3,'CALO','oRBE 24','',1),(27,'HUGO RAMIREZ',3,'HUGO','oRBE 25','',1),(28,'QUETZALCOATL LOPEZ',3,'QUETZA','Orbe 15','',1),(29,'JORGE VALDEZ',3,'JORGE','oRBE 27','',1),(30,'FERNANDO CHAVANA',3,'FERNANDO','oRBE 28','',1),(31,'ISRAEL MARTINEZ',3,'ISRA','oRBE 29','',1),(32,'JESUS ALBERTO VALDEZ SALINAS',3,'TICO','oRBE 30','',1),(33,'Ricardo López ',3,'Rica','Orbe 31','',1),(34,'502',5,'autoexpress','orbe123456','',1);
/*!40000 ALTER TABLE `Usuarios` ENABLE KEYS */;
UNLOCK TABLES;
/*!40103 SET TIME_ZONE=@OLD_TIME_ZONE */;

/*!40101 SET SQL_MODE=@OLD_SQL_MODE */;
/*!40014 SET FOREIGN_KEY_CHECKS=@OLD_FOREIGN_KEY_CHECKS */;
/*!40014 SET UNIQUE_CHECKS=@OLD_UNIQUE_CHECKS */;
/*!40101 SET CHARACTER_SET_CLIENT=@OLD_CHARACTER_SET_CLIENT */;
/*!40101 SET CHARACTER_SET_RESULTS=@OLD_CHARACTER_SET_RESULTS */;
/*!40101 SET COLLATION_CONNECTION=@OLD_COLLATION_CONNECTION */;
/*!40111 SET SQL_NOTES=@OLD_SQL_NOTES */;

-- Dump completed on 2017-12-26 18:47:52
